run_id,category,date,time_seconds,player,verified,platform,emulator
kz5l8gyr,7kjpp4k3,,803.0,qxk4wn7j,True,Xbox,False
pyd4eqyn,7kjpp4k3,,894.0,e8ekrvd8,True,Xbox,True
1zx4n28y,7kjpp4k3,,516.0,y8d4po86,True,Xbox,False
8yv956xz,7kjpp4k3,,499.0,5j52e9qj,True,Xbox,False
emk8r83m,7kjpp4k3,2011-07-05,534.0,v81kkerj,True,Xbox,False
wzpkjxyq,7kjpp4k3,2012-03-25,486.0,zx7qg687,True,nzelreqp,False
7z09k5jz,7kjpp4k3,2012-11-29,482.0,qj26pqnx,True,Xbox,False
wzpp9wrz,7kjpp4k3,2013-01-05,560.0,1xy51wv8,True,nzelreqp,False
9mr0ggmq,7kjpp4k3,2013-02-17,584.0,98rk03x1,True,nzelreqp,False
mre7nj2y,7kjpp4k3,2013-07-16,546.0,68wzrnv8,True,Xbox,True
oy2nk6yd,7kjpp4k3,2013-08-15,456.42,o866w58z,True,Xbox,False
1zx3xwkz,7kjpp4k3,2013-09-06,524.0,kj96o2nj,True,nzelreqp,False
emko6xz6,7kjpp4k3,2013-10-29,568.0,qxk40p9j,True,nzelreqp,False
me935x2z,7kjpp4k3,2014-03-20,527.0,e8e6edj0,True,Xbox,False
oy2qeqwy,7kjpp4k3,2014-03-25,476.0,18qnw78n,True,Xbox,False
pzg6g0m2,7kjpp4k3,2014-05-03,597.0,v8lo348m,True,Xbox,True
7ylv5k2m,7kjpp4k3,2014-05-31,510.0,zx766dyj,True,Xbox,False
0zno7w8y,7kjpp4k3,2014-06-10,583.0,qjoon7j6,True,Xbox,True
7yl8nr3z,7kjpp4k3,2014-08-06,579.0,y8d0pgox,True,nzelreqp,False
yj1pv67y,7kjpp4k3,2014-08-18,504.0,e8e6edj0,True,Xbox,False
dy45qpqm,7kjpp4k3,2014-08-30,531.0,qjn25qjm,True,Xbox,False
7ylpdkmp,7kjpp4k3,2014-11-02,500.0,18ql07jn,True,Xbox,False
nz109rme,7kjpp4k3,2014-11-14,535.0,qjn9dwxm,True,nzelreqp,False
pydq160m,7kjpp4k3,2014-12-26,525.0,qjn9dwxm,True,nzelreqp,False
7z0jkoey,7kjpp4k3,2015-01-15,556.0,98rp3q6j,True,nzelreqp,False
2yw15pnz,7kjpp4k3,2015-01-20,499.0,qjn9dwxm,True,nzelreqp,False
9mrq3v7y,7kjpp4k3,2015-02-02,634.0,48g0mpxp,True,nzelreqp,False
oy2d4l5z,7kjpp4k3,2015-02-21,517.0,98rrd381,True,Xbox,False
jy92ggkz,7kjpp4k3,2015-03-02,581.0,48g0mpxp,True,nzelreqp,False
y670njjm,7kjpp4k3,2015-03-18,486.0,48gmn28p,True,Xbox,True
kz578pnm,7kjpp4k3,2015-04-14,590.0,48goorxp,True,Xbox,False
1zxj1eyx,7kjpp4k3,2015-05-03,546.0,qj21mo8k,True,nzelreqp,False
oy2x6g9m,7kjpp4k3,2015-05-09,534.0,zx7gnyx7,True,Xbox,False
pm358n6y,7kjpp4k3,2015-05-15,468.0,68wwn48g,True,Xbox,False
pyd0o5qz,7kjpp4k3,2015-06-29,467.0,qxkovg98,True,Xbox,False
6yj1jpny,7kjpp4k3,2015-08-05,451.18,o866w58z,True,Xbox,False
pzgjlvz2,7kjpp4k3,2015-08-07,491.0,e8e6edj0,True,Xbox,False
1zqg6q5m,7kjpp4k3,2015-08-08,565.0,zx7q2pv8,True,Xbox,False
8y8dl05z,7kjpp4k3,2015-08-09,506.0,v48g37xp,True,Xbox,False
1zqg4q8m,7kjpp4k3,2015-08-15,498.0,qjn9dwxm,True,nzelreqp,False
0zno978y,7kjpp4k3,2015-09-06,606.0,o86wy0xz,True,nzelreqp,False
emk7o01y,7kjpp4k3,2015-09-08,475.0,qjn9dwxm,True,nzelreqp,False
dy42v52m,7kjpp4k3,2015-09-13,572.0,1xy5q9y8,True,Xbox,False
0y6d70qm,7kjpp4k3,2015-09-24,528.0,1xy5q9y8,True,Xbox,False
1zq1wrrm,7kjpp4k3,2015-09-29,600.0,0jmpgoj1,True,nzelreqp,False
7z0r779z,7kjpp4k3,2015-10-09,666.0,98rp6mwj,True,Xbox,True
1zx8q0gm,7kjpp4k3,2015-11-07,574.0,48gdmy8p,True,nzelreqp,False
wzp81kry,7kjpp4k3,2015-11-27,558.0,0jmpgoj1,True,nzelreqp,False
emk5703m,7kjpp4k3,2015-11-28,689.0,zx7q6o68,True,Xbox,True
0znv573m,7kjpp4k3,2015-12-05,478.0,kjp9p28q,True,Xbox,True
8y8ek5ny,7kjpp4k3,2015-12-15,554.0,18vyq58l,True,Xbox,False
0y6dwo1m,7kjpp4k3,2015-12-15,498.0,18vkpkyj,True,Xbox,False
pzgdw7ez,7kjpp4k3,2015-12-22,536.0,qjn3egwx,True,Xbox,True
2ywjqv2z,7kjpp4k3,2015-12-29,515.0,0jmo96n8,True,Xbox,False
2ywk9rpy,7kjpp4k3,2015-12-30,949.0,qj2y1r68,True,nzelreqp,False
jy9e32z4,7kjpp4k3,2016-01-01,948.0,v8lngdvx,True,Xbox,True
9mejn99y,7kjpp4k3,2016-01-26,539.0,o86wy0xz,True,nzelreqp,False
9mel6n3z,7kjpp4k3,2016-02-10,492.0,zx766dyj,True,Xbox,False
9yopo7dm,7kjpp4k3,2016-02-23,526.0,qjn3egwx,True,Xbox,True
6yjp713y,7kjpp4k3,2016-03-01,449.01,o866w58z,True,Xbox,False
kz5xjeey,7kjpp4k3,2016-03-10,477.0,zx7gnyx7,True,Xbox,False
emkdep5y,7kjpp4k3,2016-03-25,592.0,zx7q6o68,True,Xbox,True
yl0l623y,7kjpp4k3,2016-04-04,610.0,98rppwwj,True,Xbox,False
nz1l7r9m,7kjpp4k3,2016-04-06,984.0,pj0n70m8,True,Xbox,True
nz1q13wy,7kjpp4k3,2016-04-22,873.0,qjn3egwx,True,Xbox,False
9yol54jy,7kjpp4k3,2016-05-20,539.0,zx7q2pv8,True,Xbox,True
6yj8ndgm,7kjpp4k3,2016-05-28,726.0,qjn3egwx,True,Xbox,False
nz1l5ojm,7kjpp4k3,2016-06-04,687.0,o86v9pjz,True,Xbox,False
wzpwk48y,7kjpp4k3,2016-06-24,534.0,qj2y1r68,True,nzelreqp,False
2ywrw22m,7kjpp4k3,2016-06-25,620.0,qjn3egwx,True,Xbox,False
pm3qw86y,7kjpp4k3,2016-06-25,649.0,o86v9pjz,True,Xbox,False
wzppq3rz,7kjpp4k3,2016-06-30,634.0,o86v9pjz,True,Xbox,False
pm3qe4gy,7kjpp4k3,2016-07-03,1096.0,18vkpkyj,True,NES,False
1zqd1d5m,7kjpp4k3,2016-07-16,688.0,pj0n70m8,True,Xbox,True
6yjwx57m,7kjpp4k3,2016-07-18,515.0,qjn3egwx,True,Xbox,True
jy9kjrvz,7kjpp4k3,2016-07-28,506.0,qjn3egwx,True,Xbox,True
kz5kn6dz,7kjpp4k3,2016-08-03,551.0,48goorxp,True,Xbox,False
emkpo21y,7kjpp4k3,2016-08-29,591.0,98rp5e6j,True,Xbox,False
nz19v87m,7kjpp4k3,2016-08-29,643.0,dx35v6ej,True,Xbox,False
0y6v4npm,7kjpp4k3,2016-09-03,461.0,qxkovg98,True,Xbox,False
0zn35k9y,7kjpp4k3,2016-09-04,500.0,e8e6k12j,True,Xbox,False
1zq8l1xz,7kjpp4k3,2016-09-05,599.0,dx35v6ej,True,Xbox,False
2ywxeonm,7kjpp4k3,2016-09-08,2060.0,18qrd50j,True,Xbox,True
1zqqv85z,7kjpp4k3,2016-09-19,441.57,o866w58z,True,Xbox,False
1zxx80qz,7kjpp4k3,2016-09-23,538.0,qjopronx,True,Xbox,True
8m7oo1ey,7kjpp4k3,2016-09-25,503.0,qj21mo8k,True,Xbox,True
dy4lloqz,7kjpp4k3,2016-09-30,560.0,0jml0zy8,True,Xbox,False
7z08r49m,7kjpp4k3,2016-10-18,976.0,o86n2g5x,True,Xbox,False
6yje2kdm,7kjpp4k3,2016-10-24,597.0,o86v9pjz,True,Xbox,False
1zqne61z,7kjpp4k3,2016-10-27,529.0,qjoyg3x6,True,Xbox,False
9yoqg27z,7kjpp4k3,2016-11-05,559.0,zx7q2pv8,True,nzelreqp,False
1zq2l4xz,7kjpp4k3,2016-11-06,555.0,zx7q2pv8,True,nzelreqp,False
pzg9g4jm,7kjpp4k3,2016-11-07,650.0,qj233nxk,True,Xbox,False
7ylj3rrm,7kjpp4k3,2016-11-09,514.0,zx7q2pv8,True,nzelreqp,False
1zx0gkgz,7kjpp4k3,2016-11-17,1392.0,qjo210n8,True,Xbox,True
8y8gdldz,7kjpp4k3,2016-11-19,711.0,v8l4zn2j,True,Xbox,True
9me2g1qm,7kjpp4k3,2016-11-30,880.0,qjo210n8,True,Xbox,True
0zngl77m,7kjpp4k3,2016-12-05,670.0,qjo210n8,True,Xbox,True
y979jr2m,7kjpp4k3,2016-12-16,469.0,98r61l38,True,Xbox,False
7z0k4v4m,7kjpp4k3,2017-01-03,776.0,5j5zzqjv,True,Xbox,False
ydw2320m,7kjpp4k3,2017-01-09,648.0,zxzpz50j,True,Xbox,False
8m7jgpwm,7kjpp4k3,2017-01-13,517.0,zxz97kn8,True,Xbox,False
9me59w0m,7kjpp4k3,2017-01-29,759.0,e8ekrvd8,True,Xbox,False
6yjvx37y,7kjpp4k3,2017-02-07,657.0,e8ekrvd8,True,Xbox,False
8m74n65m,7kjpp4k3,2017-02-12,691.0,kj96nwj4,True,Xbox,False
7z0gp5jy,7kjpp4k3,2017-02-23,480.0,0jm02o81,True,Xbox,False
pzg5gqdy,7kjpp4k3,2017-02-24,457.0,kj92gmv8,True,Xbox,False
1zx17eky,7kjpp4k3,2017-02-26,737.0,5j5zzqjv,True,Xbox,False
9yow0edz,7kjpp4k3,2017-03-02,621.0,5j5zzqjv,True,Xbox,False
z13j86jm,7kjpp4k3,2017-03-08,538.0,1xy51wv8,True,nzelreqp,False
z0e85k9m,7kjpp4k3,2017-03-14,483.0,zx766dyj,True,Xbox,False
y459692m,7kjpp4k3,2017-04-12,599.0,v8l04qv8,True,Xbox,False
zn89lq7z,7kjpp4k3,2017-04-15,719.0,1xy51wv8,True,Xbox,False
zn8wdv9z,7kjpp4k3,2017-04-19,531.0,18q6977j,True,Xbox,True
zn88qp8z,7kjpp4k3,2017-04-30,571.0,dx35v6ej,True,Xbox,False
mk4985xy,7kjpp4k3,2017-05-15,639.0,0jm36qe8,True,Xbox,False
yw1pk72z,7kjpp4k3,2017-05-18,1053.0,zx772g0x,True,Xbox,True
z0e3qwom,7kjpp4k3,2017-05-25,473.0,0jml0zy8,True,Xbox,False
ydq3pg0m,7kjpp4k3,2017-05-29,862.0,qxk4wo6j,True,Xbox,False
z0e1e69m,7kjpp4k3,2017-06-01,919.0,5j5qr5zj,True,Xbox,True
zpq4qgny,7kjpp4k3,2017-06-02,919.0,5j5qr5zj,True,Xbox,True
mekxd09m,7kjpp4k3,2017-06-15,574.0,v8l04qv8,True,Xbox,False
zn8k628z,7kjpp4k3,2017-07-06,808.0,18qowewj,True,Xbox,True
m795o15y,7kjpp4k3,2017-07-20,742.0,98r2y03x,True,Xbox,True
y45ejd2m,7kjpp4k3,2017-07-21,874.0,18vr2m5x,True,Xbox,False
yw1d253z,7kjpp4k3,2017-07-22,568.0,18vr3nvx,True,Xbox,False
yo438qdm,7kjpp4k3,2017-07-23,612.0,98r2y03x,True,Xbox,True
yl9vwjry,7kjpp4k3,2017-07-24,613.0,18vr2m5x,True,Xbox,False
z0e63d8m,7kjpp4k3,2017-07-27,861.0,qjn6yzwx,True,nzelreqp,False
y8qv971y,7kjpp4k3,2017-07-27,827.0,qjn6yzwx,True,nzelreqp,False
z0e6r8jm,7kjpp4k3,2017-07-31,611.0,kj9rdyrj,True,Xbox,True
z0e6x74m,7kjpp4k3,2017-08-05,830.0,v8l4r04j,True,Xbox,False
yo49xjjm,7kjpp4k3,2017-08-07,590.0,98r2y03x,True,Xbox,True
yvg27k8y,7kjpp4k3,2017-08-09,771.0,v8l4r04j,True,Xbox,False
zq6gne5y,7kjpp4k3,2017-08-09,604.0,zx7l3qj7,True,Xbox,True
y97nqdkm,7kjpp4k3,2017-08-10,680.0,qjn6yzwx,True,nzelreqp,False
yvg2dqey,7kjpp4k3,2017-08-11,544.0,98r2y03x,True,Xbox,True
y45r993m,7kjpp4k3,2017-08-13,638.0,qjn6yzwx,True,nzelreqp,False
y45r1oqm,7kjpp4k3,2017-08-15,604.0,qjn6yzwx,True,nzelreqp,False
z13v4p7m,7kjpp4k3,2017-08-15,539.0,7j40gpw8,True,Xbox,False
y23x5gjm,7kjpp4k3,2017-08-17,596.0,qjn6yzwx,True,nzelreqp,False
yjk54vgm,7kjpp4k3,2017-09-04,577.0,0jm36qe8,True,Xbox,False
zxvok9ey,7kjpp4k3,2017-09-05,465.0,0jml0zy8,True,Xbox,False
z0e79oom,7kjpp4k3,2017-09-07,610.0,v8l4r04j,True,Xbox,False
ydqerv0m,7kjpp4k3,2017-09-09,782.0,18qowewj,True,Xbox,True
yo46x97m,7kjpp4k3,2017-09-16,588.0,18v5wy2j,True,Xbox,False
zpq872ry,7kjpp4k3,2017-09-23,800.0,18q652oj,True,Xbox,True
zpq247gy,7kjpp4k3,2017-09-26,523.0,dx35v6ej,True,Xbox,False
mekj680m,7kjpp4k3,2017-09-27,594.0,18q652oj,True,Xbox,True
y4587g2m,7kjpp4k3,2017-10-01,598.0,v8l4r04j,True,Xbox,False
zn872n9z,7kjpp4k3,2017-10-07,648.0,18qowewj,True,Xbox,True
yvgqx24y,7kjpp4k3,2017-10-07,717.0,1xyy6owx,True,Xbox,False
zn8794lz,7kjpp4k3,2017-10-08,538.0,98r2y03x,True,Xbox,True
yjkxewdm,7kjpp4k3,2017-10-08,619.0,18qowewj,True,Xbox,True
zpq9l4xy,7kjpp4k3,2017-10-17,532.0,98r2y03x,True,Xbox,True
z0el6w9m,7kjpp4k3,2017-11-08,618.0,18qowewj,True,Xbox,True
mrqrr9gy,7kjpp4k3,2017-11-12,563.0,18vr2m5x,True,Xbox,False
mrqrx4dy,7kjpp4k3,2017-11-16,687.0,1xyy6owx,True,Xbox,True
y45xjwnm,7kjpp4k3,2017-11-16,567.0,0jm36qe8,True,Xbox,False
z5oevpdy,7kjpp4k3,2017-11-28,514.0,1xyo4enj,True,nzelreqp,False
z13q27gm,7kjpp4k3,2017-11-28,534.0,pj0l653j,True,NES,False
zn8j299z,7kjpp4k3,2017-12-03,504.0,18q6977j,True,Xbox,False
ydqg750m,7kjpp4k3,2017-12-08,542.0,0jm36qe8,True,Xbox,False
y8qo4xdy,7kjpp4k3,2017-12-08,632.0,dx3rqg7x,True,Xbox,False
ydqj90xm,7kjpp4k3,2017-12-14,686.0,y8dgyvg8,True,Xbox,True
yl96r2ky,7kjpp4k3,2017-12-17,663.0,y8dgyvg8,True,Xbox,True
z13lqgwm,7kjpp4k3,2017-12-19,677.0,1xyy6owx,True,Xbox,False
y23gr6jm,7kjpp4k3,2017-12-24,2449.0,dx3pdw78,True,nzelreqp,False
yo4ovldm,7kjpp4k3,2017-12-28,627.0,48go17yx,True,Xbox,True
mk4q81vy,7kjpp4k3,2017-12-28,994.0,dx3pdw78,True,nzelreqp,False
zpqp8qxy,7kjpp4k3,2018-01-02,664.0,1xyy6owx,True,Xbox,True
zxvw3dey,7kjpp4k3,2018-01-04,913.0,v8l2o42x,True,Xbox,True
y67qv4jm,7kjpp4k3,2018-01-06,599.0,18qowewj,True,Xbox,True
m3dk286z,7kjpp4k3,2018-01-08,699.0,v8l2o42x,True,Xbox,True
mrq2w7dy,7kjpp4k3,2018-01-09,517.0,18q652oj,True,Xbox,True
zn8231lz,7kjpp4k3,2018-01-11,613.0,y8dgyvg8,True,Xbox,True
z1398kgm,7kjpp4k3,2018-01-14,510.0,qjn6yzwx,True,nzelreqp,False
y97jv9rm,7kjpp4k3,2018-01-15,504.0,98r2y03x,True,Xbox,True
y456ox2m,7kjpp4k3,2018-01-17,493.0,98r2y03x,True,Xbox,True
z5o8kney,7kjpp4k3,2018-01-18,484.0,98r2y03x,True,Xbox,True
mk4x735y,7kjpp4k3,2018-01-21,495.0,zxzpz50j,True,Xbox,False
m7w3p3wz,7kjpp4k3,2018-01-21,495.0,zxzpz50j,True,Xbox,False
m79j2d5y,7kjpp4k3,2018-01-24,498.0,68wegq8g,True,Xbox,False
mk4wlpxy,7kjpp4k3,2018-02-18,634.0,7j420lwx,True,Xbox,False
mk4wrp3y,7kjpp4k3,2018-03-02,494.0,18q652oj,True,Xbox,True
y8qgn75y,7kjpp4k3,2018-03-02,751.0,zxz1vorj,True,Xbox,False
z0ek9xem,7kjpp4k3,2018-03-04,651.0,qjn0eywx,True,Xbox,True
mk4re55y,7kjpp4k3,2018-03-10,581.0,18qowewj,True,Xbox,True
mrq5re8y,7kjpp4k3,2018-03-10,617.0,qjn0eywx,True,Xbox,False
zn85258z,7kjpp4k3,2018-03-13,556.0,zx7q2pv8,True,Xbox,False
z0ekdgem,7kjpp4k3,2018-03-14,953.0,e8ewrz78,True,Xbox,True
yjk794dm,7kjpp4k3,2018-03-14,892.0,e8ewrz78,True,Xbox,True
zn85xk7z,7kjpp4k3,2018-03-14,779.0,e8ewrz78,True,Xbox,True
mrq5xw2y,7kjpp4k3,2018-03-14,922.0,dx3pdw78,True,nzelreqp,False
yvg5n8xy,7kjpp4k3,2018-03-15,533.0,y8d4dk58,True,Xbox,True
y6788wjm,7kjpp4k3,2018-03-16,578.0,qjn0eywx,True,Xbox,False
zq65op9y,7kjpp4k3,2018-03-18,464.0,0jml0zy8,True,Xbox,False
zq6nrk9y,7kjpp4k3,2018-03-18,577.0,pj0n70m8,True,Xbox,True
mrqwqrgy,7kjpp4k3,2018-03-19,590.0,1xyy6owx,True,Xbox,True
zq6n3vxy,7kjpp4k3,2018-03-21,614.0,7j420lwx,True,Xbox,False
yjkr407m,7kjpp4k3,2018-03-21,630.0,7j47vrmj,True,Xbox,True
y67wlnpm,7kjpp4k3,2018-03-21,578.0,7j420lwx,True,Xbox,False
yo48xwdm,7kjpp4k3,2018-03-30,475.0,qj2y1r68,True,Xbox,False
y236877m,7kjpp4k3,2018-03-30,546.0,18vr2m5x,True,Xbox,False
y236o05m,7kjpp4k3,2018-04-02,485.0,1xyo4enj,True,nzelreqp,False
zxvrkpky,7kjpp4k3,2018-04-05,645.0,qxk4wo6j,True,Xbox,False
y674551m,7kjpp4k3,2018-04-05,625.0,7j4drzdj,True,Xbox,True
y674rg6m,7kjpp4k3,2018-04-05,456.32,kjprmwk8,True,Xbox,False
z134x8rm,7kjpp4k3,2018-04-07,657.0,e8ewrz78,True,Xbox,True
mrqpn47y,7kjpp4k3,2018-04-07,524.0,e8ewrz78,True,Xbox,True
m3d43w4z,7kjpp4k3,2018-04-09,458.36,0jml0zy8,True,Xbox,False
yl9w6n3y,7kjpp4k3,2018-04-11,535.0,qxk4wo6j,True,Xbox,False
yjkv96om,7kjpp4k3,2018-04-13,454.0,kj92gmv8,True,Xbox,False
zpqev4gy,7kjpp4k3,2018-04-15,745.0,zxzy6drj,True,Xbox,True
yw17979z,7kjpp4k3,2018-04-17,624.0,zxzy6drj,True,Xbox,True
z0eg5n9m,7kjpp4k3,2018-04-21,479.0,98r2y03x,True,Xbox,True
yvgdo04y,7kjpp4k3,2018-04-24,571.0,18v5wy2j,True,Xbox,False
ydq7ddwm,7kjpp4k3,2018-04-25,984.0,v81dwr58,True,Xbox,True
y45dgd3m,7kjpp4k3,2018-04-26,746.0,dx3pdw78,True,nzelreqp,False
yo4wnw0m,7kjpp4k3,2018-04-27,614.0,5j5zzqjv,True,Xbox,False
mekqll9m,7kjpp4k3,2018-04-28,625.0,zxz1vorj,True,Xbox,False
zgn5lqny,7kjpp4k3,2018-04-29,966.0,zx7d000x,True,Xbox,True
m79kov0y,7kjpp4k3,2018-04-30,589.0,o86nzl0x,True,Xbox,False
m79kl1ey,7kjpp4k3,2018-05-01,483.0,18q652oj,True,Xbox,True
mrqg568y,7kjpp4k3,2018-05-01,544.0,18vr2m5x,True,Xbox,False
yo4w5r5m,7kjpp4k3,2018-05-02,465.0,18q652oj,True,Xbox,True
y23o615m,7kjpp4k3,2018-05-02,888.0,zx7d000x,True,Xbox,True
zgn54gey,7kjpp4k3,2018-05-04,723.0,zx7d000x,True,Xbox,True
z13wjejm,7kjpp4k3,2018-05-08,751.0,y8d96g9x,True,nzelreqp,False
zn8d5elz,7kjpp4k3,2018-05-18,564.0,7j4drzdj,True,Xbox,True
y974gx2m,7kjpp4k3,2018-05-19,539.0,7j47vrmj,True,Xbox,True
z13w00gm,7kjpp4k3,2018-05-19,535.0,7j4drzdj,True,Xbox,True
zp0n988m,7kjpp4k3,2018-05-29,457.75,98r61l38,True,Xbox,False
yj4jpnoy,7kjpp4k3,2018-05-29,894.0,5j5qr5zj,True,Xbox,True
me8vqv3m,7kjpp4k3,2018-06-05,721.0,kjp9nvk8,True,Xbox,False
zn4wdr3m,7kjpp4k3,2018-06-06,545.0,qjn0eywx,True,Xbox,False
z03elr4z,7kjpp4k3,2018-06-15,596.0,kjp9nvk8,True,Xbox,False
zg7n6qnz,7kjpp4k3,2018-06-19,477.0,qxkm6mj0,True,Xbox,False
y435vr2z,7kjpp4k3,2018-06-20,498.0,0jm36qe8,True,Xbox,False
m7p9j79m,7kjpp4k3,2018-06-20,682.0,v81eydrj,True,Xbox,True
ywppdk0z,7kjpp4k3,2018-06-26,900.0,qjnqgn2j,True,Xbox,False
y48k3kkm,7kjpp4k3,2018-06-30,485.0,zxzpz50j,True,Xbox,False
zp00j4xm,7kjpp4k3,2018-07-01,711.0,qjoky6e8,True,Xbox,False
z511k1dm,7kjpp4k3,2018-07-02,1326.0,o86rd3w8,True,Xbox,True
mr8e832y,7kjpp4k3,2018-07-09,547.0,zx7l3qj7,True,Xbox,True
ywp4619z,7kjpp4k3,2018-07-14,572.0,kj9vd9ox,True,Xbox,True
y925e12z,7kjpp4k3,2018-07-18,444.0,kj92gmv8,True,Xbox,False
m3o1ergm,7kjpp4k3,2018-07-21,496.0,pj0l653j,True,NES,False
y6p5lrpm,7kjpp4k3,2018-07-24,927.0,o86rd3w8,True,Xbox,True
me8o940m,7kjpp4k3,2018-07-25,652.0,zx762vj7,True,nzelreqp,False
z115lxgz,7kjpp4k3,2018-07-29,566.0,7j420lwx,True,Xbox,False
m7pg395m,7kjpp4k3,2018-07-29,555.0,kjp9nvk8,True,Xbox,False
z035k6jz,7kjpp4k3,2018-08-01,636.0,qjoky6e8,True,Xbox,False
y920wgkz,7kjpp4k3,2018-08-01,693.0,qjoq7yl8,True,Xbox,False
mk93je3z,7kjpp4k3,2018-08-04,626.0,qjoq7yl8,True,Xbox,False
y6pr3g1m,7kjpp4k3,2018-08-04,452.81,7j40gpw8,True,Xbox,False
yl4vqw3m,7kjpp4k3,2018-08-08,497.0,dx3wpl2j,True,Xbox,False
y89ree1m,7kjpp4k3,2018-08-09,893.0,v8lvr4vj,True,Xbox,True
z11oxlwz,7kjpp4k3,2018-08-09,732.0,v8lvr4vj,True,Xbox,True
y89rj81m,7kjpp4k3,2018-08-10,681.0,v8lvr4vj,True,Xbox,True
yj46dwdy,7kjpp4k3,2018-08-11,535.0,zx7q2pv8,True,Xbox,False
yvj9neoy,7kjpp4k3,2018-08-15,1153.0,qxk4727j,True,nzelreqp,False
z03906jz,7kjpp4k3,2018-08-16,764.0,o86rd3w8,True,Xbox,True
ywpdlk2z,7kjpp4k3,2018-08-19,577.0,68wgmkvx,True,Xbox,False
z118korz,7kjpp4k3,2018-08-27,492.0,7j4drzdj,True,Xbox,True
yj41wx3y,7kjpp4k3,2018-08-28,1144.0,zxz5kg0x,True,Xbox,True
z510l65m,7kjpp4k3,2018-08-30,617.0,qjoq7yl8,True,Xbox,False
z03rw4ez,7kjpp4k3,2018-09-03,591.0,qjoq7yl8,True,Xbox,False
yd3ev2jz,7kjpp4k3,2018-09-28,554.0,qjoq7yl8,True,Xbox,False
yl4eovnm,7kjpp4k3,2018-10-05,588.0,v81eydrj,True,Xbox,True
y89jd31m,7kjpp4k3,2018-10-06,538.0,qjoq7yl8,True,Xbox,False
m3o6j4gm,7kjpp4k3,2018-10-12,545.0,kj9vd9ox,True,Xbox,True
z03ov8ez,7kjpp4k3,2018-10-17,526.0,qxk4wo6j,True,Xbox,False
y92v0oez,7kjpp4k3,2018-10-20,579.0,18qowewj,True,Xbox,True
mr87w0gy,7kjpp4k3,2018-10-31,2812.0,zxznzp0x,True,Xbox,False
y2qpo85y,7kjpp4k3,2018-11-02,474.0,zxzpz50j,True,Xbox,False
y6px750m,7kjpp4k3,2018-11-03,713.0,qj2l346x,True,Xbox,True
zx48kjqy,7kjpp4k3,2018-11-05,566.0,98rqq3gx,True,Xbox,True
y92xxe2z,7kjpp4k3,2018-11-11,500.0,qxkg359j,True,nzelreqp,False
mr8rd34y,7kjpp4k3,2018-11-14,545.0,kjpqy9yx,True,Xbox,False
mr8r008y,7kjpp4k3,2018-11-16,441.47,kj92gmv8,True,Xbox,False
m7pxl70m,7kjpp4k3,2018-11-16,508.0,dx35yzej,True,Xbox,True
yj4dr3ny,7kjpp4k3,2018-11-17,540.0,zxzn5rex,True,Xbox,True
ywpv402z,7kjpp4k3,2018-11-21,876.0,18qv25dx,True,Xbox,True
yd3g54wz,7kjpp4k3,2018-11-22,1087.0,qxk4727j,True,nzelreqp,False
yd3g9wqz,7kjpp4k3,2018-11-23,527.0,98rqq3gx,True,Xbox,True
y2qjx0jy,7kjpp4k3,2018-11-24,976.0,qxk4727j,True,nzelreqp,False
z11qqdgz,7kjpp4k3,2018-11-27,624.0,qj2l346x,True,Xbox,True
zq3ed7ry,7kjpp4k3,2018-11-29,571.0,qj2l346x,True,Xbox,True
mk9vrqxz,7kjpp4k3,2018-12-02,536.0,48goorxp,True,Xbox,False
yl463o3m,7kjpp4k3,2018-12-06,448.78,0jml0zy8,True,Xbox,False
me8l4d9m,7kjpp4k3,2018-12-12,476.0,dx35yzej,True,Xbox,True
zp0wg9vm,7kjpp4k3,2018-12-15,559.0,18qowewj,True,Xbox,True
zg7e100z,7kjpp4k3,2018-12-20,461.0,dx35yzej,True,Xbox,True
zq3jo15y,7kjpp4k3,2018-12-20,879.0,qj2rw3ox,True,Xbox,True
zx4wkrey,7kjpp4k3,2018-12-25,511.0,18qowewj,True,Xbox,True
y89k851m,7kjpp4k3,2018-12-29,537.0,qjoq7yl8,True,Xbox,False
m3o02eqm,7kjpp4k3,2019-01-19,767.0,qxkk329x,True,Xbox,True
y2qw049y,7kjpp4k3,2019-01-26,1910.0,pj0wm3w8,True,Xbox,True
y6pe8v0m,7kjpp4k3,2019-01-31,488.0,7j4drzdj,True,Xbox,True
zp0kekvm,7kjpp4k3,2019-02-14,562.0,7j47lplj,True,Xbox,True
z030n59z,7kjpp4k3,2019-02-23,750.0,zxzg5njq,True,Xbox,False
zg76lndz,7kjpp4k3,2019-02-25,498.0,qxk4wo6j,True,Xbox,False
mr8d09gy,7kjpp4k3,2019-02-27,747.0,y8dwlrgj,True,Xbox,False
yj4qnnny,7kjpp4k3,2019-03-02,2044.0,kjpev90x,True,Xbox,True
zp05q7nm,7kjpp4k3,2019-03-03,1353.0,kjpev90x,True,Xbox,True
zx45448y,7kjpp4k3,2019-03-03,5054.0,qjoezo38,True,nzelreqp,False
mk9rgllz,7kjpp4k3,2019-03-06,799.0,kjpev90x,True,Xbox,True
y6pwlj6m,7kjpp4k3,2019-03-19,718.0,kjpev90x,True,Xbox,True
y92gxwkz,7kjpp4k3,2019-03-23,1098.0,qjn3my2x,True,Xbox,True
mr8woo7y,7kjpp4k3,2019-03-24,745.0,y8d1dlm8,True,nzelreqp,False
zn465n8m,7kjpp4k3,2019-03-26,667.0,kjpev90x,True,Xbox,True
y92r2nvz,7kjpp4k3,2019-04-03,625.0,7j4mzd5j,True,Xbox,True
zq3owx9y,7kjpp4k3,2019-04-05,474.0,zxzk1q9x,True,Xbox,False
yvjk0j8y,7kjpp4k3,2019-04-06,901.0,qxk4727j,True,nzelreqp,False
y8971oxm,7kjpp4k3,2019-04-17,483.0,kjpqy9yx,True,Xbox,False
zp0jr7nm,7kjpp4k3,2019-04-19,524.0,kjp9nvk8,True,Xbox,False
m3op7pgm,7kjpp4k3,2019-04-21,599.0,qjom00nx,True,Xbox,False
yj40e1oy,7kjpp4k3,2019-04-26,778.0,18vogm2x,True,Xbox,True
y89595nm,7kjpp4k3,2019-05-02,558.0,v81eydrj,True,Xbox,True
z11wj1rz,7kjpp4k3,2019-05-02,446.14,7j40gpw8,True,Xbox,False
z5193jem,7kjpp4k3,2019-05-04,508.0,qjn3my2x,True,Xbox,True
z519r9jm,7kjpp4k3,2019-05-05,440.6,7j40gpw8,True,Xbox,False
m7pr06wm,7kjpp4k3,2019-05-08,548.0,zx7zl0q8,True,Xbox,True
m3oej1dm,7kjpp4k3,2019-05-10,538.0,zx7zl0q8,True,Xbox,True
zp4nljnz,7kjpp4k3,2019-05-18,648.0,qj25l5pj,True,Xbox,False
zqrk8g9y,7kjpp4k3,2019-05-24,552.0,7j4mzd5j,True,Xbox,True
z01w06oy,7kjpp4k3,2019-05-25,795.0,qxk4727j,True,nzelreqp,False
yj3jr73z,7kjpp4k3,2019-05-27,516.0,qjned9qj,True,Xbox,False
z013po4y,7kjpp4k3,2019-06-06,475.0,98r2y03x,True,Xbox,True
znr8gg8y,7kjpp4k3,2019-06-07,537.0,7j4r55d8,True,Xbox,True
y4136ony,7kjpp4k3,2019-06-19,469.0,dx3wpl2j,True,Xbox,False
yj347rgz,7kjpp4k3,2019-06-21,1340.0,qj2edmlj,True,NES,False
yj335xgz,7kjpp4k3,2019-06-28,748.0,qj2rw3ox,True,Xbox,True
zgkkdqdy,7kjpp4k3,2019-06-29,616.0,qj2rw3ox,True,Xbox,True
mreep52y,7kjpp4k3,2019-07-06,461.0,zxzpz50j,True,Xbox,False
y41wk5qy,7kjpp4k3,2019-07-14,790.0,48gkn5rj,True,Xbox,False
mexoqg8z,7kjpp4k3,2019-07-19,492.0,qjned9qj,True,Xbox,False
yv39116z,7kjpp4k3,2019-07-23,772.0,qxk4727j,True,nzelreqp,False
mex6j10z,7kjpp4k3,2019-07-24,484.0,1xyldrvj,True,Xbox,False
zxkd09km,7kjpp4k3,2019-07-29,651.0,e8e3m7j0,True,Xbox,False
m7q89q4z,7kjpp4k3,2019-08-01,764.0,18q5r4d8,True,Xbox,False
m31n6eqz,7kjpp4k3,2019-08-06,483.0,7j4drzdj,True,Xbox,True
m31n8w4z,7kjpp4k3,2019-08-11,1149.0,1xyw6wn8,True,Xbox,False
z5709ddm,7kjpp4k3,2019-08-13,473.0,48gqo07j,True,nzelreqp,False
zp41nlvz,7kjpp4k3,2019-08-13,923.0,98r529gx,True,Xbox,False
yj3gxggz,7kjpp4k3,2019-08-19,525.0,pj0o24rj,True,nzelreqp,False
y959g6vz,7kjpp4k3,2019-08-23,1546.0,0jmyv4ej,True,Xbox,False
m317pv4z,7kjpp4k3,2019-09-09,530.0,qjnkpqqj,True,NES,False
yv3q438z,7kjpp4k3,2019-09-10,645.0,qxkk329x,True,Xbox,True
mexjod9z,7kjpp4k3,2019-09-13,513.0,pj0o24rj,True,nzelreqp,False
zgkdvpjy,7kjpp4k3,2019-09-13,906.0,kj9347nj,True,Xbox,True
yv3q98xz,7kjpp4k3,2019-09-14,504.0,pj0o24rj,True,nzelreqp,False
yojr9l1m,7kjpp4k3,2019-09-14,526.0,zx7q2pv8,True,Xbox,False
yojrd51m,7kjpp4k3,2019-09-17,556.0,v816eo5x,True,Xbox,False
y81jp5wz,7kjpp4k3,2019-09-20,581.0,e8e3m7j0,True,Xbox,False
yd6wxnjz,7kjpp4k3,2019-09-21,672.0,qxk4727j,True,nzelreqp,False
m7q6pw5z,7kjpp4k3,2019-09-28,497.0,v8l4r04j,True,Xbox,False
z1jpj5wz,7kjpp4k3,2019-09-28,576.0,dx394zkx,True,Xbox,False
yv3r328z,7kjpp4k3,2019-09-28,589.0,48gze7rj,True,Xbox,True
znrp3r7y,7kjpp4k3,2019-09-29,778.0,kjp07yy8,True,Xbox,False
zgkpvjny,7kjpp4k3,2019-09-30,586.0,kjp1lo5j,True,Xbox,False
zgkpxjny,7kjpp4k3,2019-09-30,440.44,kj92gmv8,True,Xbox,False
yv3r1r8z,7kjpp4k3,2019-09-30,478.0,7j47lplj,True,Xbox,True
yj3p55dz,7kjpp4k3,2019-10-02,493.0,pj0o24rj,True,nzelreqp,False
yojp601m,7kjpp4k3,2019-10-02,750.0,kjp07yy8,True,Xbox,False
yw43jrnz,7kjpp4k3,2019-10-02,434.23,kj92gmv8,True,Xbox,False
z01pog4y,7kjpp4k3,2019-10-02,597.0,qj2z19nj,True,Xbox,True
yj3ppj3z,7kjpp4k3,2019-10-03,734.0,5j5qr5zj,True,Xbox,True
zxk7j28m,7kjpp4k3,2019-10-08,563.0,qj2z19nj,True,Xbox,True
zqr7pqry,7kjpp4k3,2019-10-08,537.0,qj2z19nj,True,Xbox,True
zxk75d8m,7kjpp4k3,2019-10-09,473.0,7j4drzdj,True,Xbox,True
y6l0101y,7kjpp4k3,2019-10-11,512.0,dx394zkx,True,Xbox,False
yl0781ky,7kjpp4k3,2019-10-11,645.0,qxk4727j,True,nzelreqp,False
y95xo7rz,7kjpp4k3,2019-10-11,676.0,0jmyv4ej,True,Xbox,False
y95v4qez,7kjpp4k3,2019-10-12,517.0,zxzn5rex,True,Xbox,True
znrqkely,7kjpp4k3,2019-10-15,711.0,kjp07yy8,True,Xbox,False
y95x3gnz,7kjpp4k3,2019-10-18,485.0,qjned9qj,True,Xbox,False
yojdd8jm,7kjpp4k3,2019-10-20,990.0,1xyyzmnx,True,Xbox,False
zqr9j9ry,7kjpp4k3,2019-10-20,512.0,qjoq7yl8,True,Xbox,False
m31xj74z,7kjpp4k3,2019-10-20,510.0,98rqq3gx,True,Xbox,True
yv30p26z,7kjpp4k3,2019-10-21,514.0,48goorxp,True,Xbox,False
m31xkvgz,7kjpp4k3,2019-10-21,503.0,18v2l4ej,True,Xbox,True
y81xwwxz,7kjpp4k3,2019-10-22,591.0,qxkk329x,True,Xbox,True
zxk8x5km,7kjpp4k3,2019-10-22,667.0,kjp07yy8,True,Xbox,False
zxk8085m,7kjpp4k3,2019-10-24,533.0,y8d0grgx,True,Xbox,False
zxk80pkm,7kjpp4k3,2019-10-24,617.0,7j4y1wmj,True,Xbox,True
yw467x0z,7kjpp4k3,2019-10-26,501.0,qjoq7yl8,True,Xbox,False
y21elg6z,7kjpp4k3,2019-10-27,606.0,1xyyzmnx,True,Xbox,False
yj38jkoz,7kjpp4k3,2019-10-27,547.0,7j4y1wmj,True,Xbox,True
yv384woz,7kjpp4k3,2019-10-27,516.0,qj2z19nj,True,Xbox,True
zxkn4ggm,7kjpp4k3,2019-10-28,547.0,7j41p5j1,True,Xbox,False
znrjkrvy,7kjpp4k3,2019-10-30,510.0,o86q79qx,True,Xbox,False
m351lgqy,7kjpp4k3,2019-10-30,531.0,qxkz2mmx,True,Xbox,False
m31lxv6z,7kjpp4k3,2019-11-04,590.0,1xyy6owx,True,Xbox,True
y810k3nz,7kjpp4k3,2019-11-05,524.0,qxkk329x,True,Xbox,True
zqrepx9y,7kjpp4k3,2019-11-08,481.0,7j4mzd5j,True,Xbox,True
y8163dnz,7kjpp4k3,2019-11-11,563.0,o86m9k0j,True,Xbox,False
z57pd8em,7kjpp4k3,2019-11-17,451.0,7j4mzd5j,True,Xbox,True
mk20djvm,7kjpp4k3,2019-11-19,475.0,pj0o24rj,True,nzelreqp,False
yv3p8lxz,7kjpp4k3,2019-11-19,900.0,qjnzkl4j,True,Xbox,True
y41ok62y,7kjpp4k3,2019-11-20,451.0,7j4mzd5j,True,Xbox,True
zxk3j1gm,7kjpp4k3,2019-11-22,642.0,kjp07yy8,True,Xbox,False
mk20jp1m,7kjpp4k3,2019-11-25,1024.0,qxkmp26j,True,nzelreqp,False
mre22w7y,7kjpp4k3,2019-12-01,526.0,7j41p5j1,True,Xbox,False
mk2qr0xm,7kjpp4k3,2019-12-08,1432.0,o8657oqx,True,Xbox,False
yl0dowry,7kjpp4k3,2019-12-15,904.0,o8657oqx,True,Xbox,False
z01d0l9y,7kjpp4k3,2019-12-22,538.0,v816eo5x,True,Xbox,False
znrxkwvy,7kjpp4k3,2019-12-28,1381.0,y8d9zemx,True,Xbox,True
zgkj80vy,7kjpp4k3,2020-01-13,794.0,o8657oqx,True,Xbox,False
zx37e58z,7kjpp4k3,2020-01-15,517.0,7j41p5j1,True,Xbox,False
z57lq1em,7kjpp4k3,2020-01-18,1325.0,jmoo10e8,True,Xbox,True
z57wpngm,7kjpp4k3,2020-01-25,472.0,qjned9qj,True,Xbox,False
yd6ojgqz,7kjpp4k3,2020-01-28,612.0,j4r2ynw8,True,nzelreqp,False
y6l8depy,7kjpp4k3,2020-02-02,2643.0,zxzy6drj,True,Xbox,False
zp4e6gnz,7kjpp4k3,2020-02-27,611.0,kjp07yy8,True,Xbox,False
yj3v77nz,7kjpp4k3,2020-02-29,575.0,8e9nrrdj,True,nzelreqp,False
y95qg1kz,7kjpp4k3,2020-03-01,574.0,kjp07yy8,True,Xbox,False
yojwkg5m,7kjpp4k3,2020-03-04,456.0,dx35yzej,True,Xbox,True
z1jeoxgz,7kjpp4k3,2020-03-05,525.0,8e9nrrdj,True,nzelreqp,False
y817o0wz,7kjpp4k3,2020-03-10,802.0,1xyl2yjr,True,nzelreqp,False
mregpkdy,7kjpp4k3,2020-03-11,448.0,dx35yzej,True,Xbox,True
zxke4o5m,7kjpp4k3,2020-03-14,472.0,pj0o24rj,True,nzelreqp,False
zqrxvv8y,7kjpp4k3,2020-03-16,648.0,18q5r4d8,True,Xbox,False
m7qrj35z,7kjpp4k3,2020-03-21,607.0,qj25l5pj,True,Xbox,False
mk3ll65z,7kjpp4k3,2020-03-23,1046.0,y8d9zemx,True,Xbox,True
y90o1key,7kjpp4k3,2020-03-24,825.0,y8d6pyox,True,Xbox,False
mk3lp3lz,7kjpp4k3,2020-03-28,565.0,qj2ol5px,True,Xbox,True
ylk9qdnz,7kjpp4k3,2020-04-03,1891.0,18q03edj,True,nzelreqp,False
y907v3ny,7kjpp4k3,2020-04-04,608.0,x353dr7j,True,nzelreqp,False
mk39qk5z,7kjpp4k3,2020-04-04,587.0,5j5zzqjv,True,Xbox,False
z1534nry,7kjpp4k3,2020-04-06,570.0,kjp07yy8,True,Xbox,False
y657kr6z,7kjpp4k3,2020-04-07,558.0,o86wzyqx,True,Xbox,False
znk8n5lz,7kjpp4k3,2020-04-07,622.036,5j5qr5zj,True,Xbox,True
z5j1onem,7kjpp4k3,2020-04-08,503.0,o86wzyqx,True,Xbox,False
znk40d9z,7kjpp4k3,2020-04-10,799.0,zxzzyk4x,True,Xbox,True
meo8e19z,7kjpp4k3,2020-04-12,841.0,x35wdg2j,True,Xbox,True
zx24wkkm,7kjpp4k3,2020-04-12,705.0,x35wdg2j,True,Xbox,True
z15j609y,7kjpp4k3,2020-04-21,540.0,kjp07yy8,True,Xbox,False
mk33g63z,7kjpp4k3,2020-04-22,543.0,7j47lplj,True,Xbox,False
mrkk1g4y,7kjpp4k3,2020-04-23,494.0,7j47lplj,True,Xbox,False
meo68k3z,7kjpp4k3,2020-04-30,761.0,18qv25dx,True,Xbox,True
mrk9jg2y,7kjpp4k3,2020-05-01,653.0,kjpev90x,True,Xbox,True
y65r69pz,7kjpp4k3,2020-05-03,551.0,j0ng0zw8,True,Xbox,True
y25d21jy,7kjpp4k3,2020-05-05,638.0,dx30o62x,True,Xbox,True
y25dw7wy,7kjpp4k3,2020-05-06,604.0,5j5qr5zj,True,Xbox,True
y901elny,7kjpp4k3,2020-05-06,1906.0,qjn1ozw8,True,Xbox,False
ylkv2kxz,7kjpp4k3,2020-05-08,509.0,qjoolrej,True,Xbox,False
zgwx5ney,7kjpp4k3,2020-05-15,1342.0,48gye018,True,Xbox,False
y909o9ry,7kjpp4k3,2020-05-15,1142.0,qjn1ozw8,True,Xbox,False
zpr1jwrm,7kjpp4k3,2020-05-22,12284.0,5j5gwr68,True,Xbox,True
yw8k3k0y,7kjpp4k3,2020-05-25,554.0,v81eydrj,True,Xbox,True
z15xk7wy,7kjpp4k3,2020-05-26,3585.0,814v6pl8,True,Xbox,True
zqwvp2xz,7kjpp4k3,2020-05-27,503.0,5j594e6x,True,Xbox,False
yokrj4dz,7kjpp4k3,2020-05-30,996.0,jmo06re8,True,Xbox,False
znk7007z,7kjpp4k3,2020-05-31,778.0,jmo06re8,True,Xbox,False
znk70jvz,7kjpp4k3,2020-05-31,544.0,qjo5lrl8,True,Xbox,False
y65n9eqz,7kjpp4k3,2020-05-31,523.0,qjo5lrl8,True,Xbox,False
ylke7enz,7kjpp4k3,2020-06-01,497.0,18q6977j,True,Xbox,False
z05onl9m,7kjpp4k3,2020-06-01,595.0,qj25l5pj,True,Xbox,False
y250k09y,7kjpp4k3,2020-06-01,482.0,qjoq7yl8,True,Xbox,False
m7gwv55m,7kjpp4k3,2020-06-02,7707.0,v8lkd7lx,True,Xbox,True
mk3eojlz,7kjpp4k3,2020-06-03,1046.0,1xyl3lvj,True,Xbox,True
zpr2og8m,7kjpp4k3,2020-06-03,538.0,v81eydrj,True,Xbox,True
yw8jl50y,7kjpp4k3,2020-06-04,2309.0,86v7713j,True,Xbox,True
z05pwx8m,7kjpp4k3,2020-06-04,1136.0,v8lkd7lx,True,Xbox,True
y25p9k6y,7kjpp4k3,2020-06-04,1129.0,v8lkd7lx,True,Xbox,True
y8283n1y,7kjpp4k3,2020-06-04,1119.0,v8lkd7lx,True,Xbox,True
mk3k4d3z,7kjpp4k3,2020-06-05,548.0,qj2l346x,True,Xbox,True
y4wq5gkm,7kjpp4k3,2020-06-05,551.0,zxz1vorj,True,Xbox,False
y90v57ey,7kjpp4k3,2020-06-05,788.0,v8lkd7lx,True,Xbox,True
y90v0dny,7kjpp4k3,2020-06-06,705.0,jmo06re8,True,Xbox,False
y650d96z,7kjpp4k3,2020-06-06,586.0,qxk4q47j,True,Xbox,False
yw83q9py,7kjpp4k3,2020-06-07,784.0,1xyl3lvj,True,Xbox,True
yv6r8v8z,7kjpp4k3,2020-06-08,704.0,v8lkd7lx,True,Xbox,True
y25pwx6y,7kjpp4k3,2020-06-09,521.0,v81eydrj,True,Xbox,True
yjlp0ndz,7kjpp4k3,2020-06-11,490.0,qjo5lrl8,True,Xbox,False
znkpd8vz,7kjpp4k3,2020-06-11,578.0,y8dz54gj,True,nzelreqp,False
z15gr2wy,7kjpp4k3,2020-06-13,576.0,81496g38,True,Xbox,True
y65xn6pz,7kjpp4k3,2020-06-13,1097.0,zxz1md4j,True,Xbox,True
z05lr08m,7kjpp4k3,2020-06-14,466.0,1xyldrvj,True,Xbox,False
z5jxdejm,7kjpp4k3,2020-06-14,681.0,jmo06re8,True,Xbox,False
y25e885y,7kjpp4k3,2020-06-15,465.0,1xyldrvj,True,Xbox,False
yvp4qqxy,7kjpp4k3,2020-06-15,475.0,qjoolrej,True,Xbox,False
yv60dn6z,7kjpp4k3,2020-06-18,508.0,dx394zkx,True,Xbox,False
ylknr1xz,7kjpp4k3,2020-06-21,491.0,v81eydrj,True,Xbox,True
z05nldom,7kjpp4k3,2020-06-22,897.0,o8669958,True,Xbox,True
m35l4pgy,7kjpp4k3,2020-06-25,666.0,5j5qr5zj,True,Xbox,False
zprwderm,7kjpp4k3,2020-06-28,623.0,o8657oqx,True,Xbox,False
zx23wd5m,7kjpp4k3,2020-06-29,634.0,x7qekv68,True,Xbox,True
zx23xg5m,7kjpp4k3,2020-06-29,576.0,8ge5ow7j,True,Xbox,True
z05x3rjm,7kjpp4k3,2020-06-30,507.0,18qowewj,True,Xbox,True
meol5l3z,7kjpp4k3,2020-07-01,607.0,x7qekv68,True,Xbox,True
yjlwwq7z,7kjpp4k3,2020-07-06,479.0,qjoq7yl8,True,Xbox,False
y82k7rny,7kjpp4k3,2020-07-08,825.0,j2y0pkl8,True,Xbox,True
ylkpgokz,7kjpp4k3,2020-07-13,660.0,kj9rewj4,True,Xbox,False
mk3px5vz,7kjpp4k3,2020-07-14,542.0,kjpev90x,True,Xbox,True
z5j84odm,7kjpp4k3,2020-07-14,526.0,5j52wm6j,True,Xbox,True
zqwqeo5z,7kjpp4k3,2020-07-19,514.0,kjpev90x,True,Xbox,True
znkx25lz,7kjpp4k3,2020-07-19,567.0,v8lem77x,True,Xbox,False
mk3og1vz,7kjpp4k3,2020-07-24,440.0,7j40gpw8,True,Xbox,True
mrk0ll4y,7kjpp4k3,2020-07-25,952.0,8gek412j,True,Xbox,True
znk9eglz,7kjpp4k3,2020-07-25,993.0,j4rw52l8,True,Xbox,True
zqwp35rz,7kjpp4k3,2020-07-25,532.0,qxk4q47j,True,Xbox,False
meonpn2z,7kjpp4k3,2020-07-27,581.0,jmo06re8,True,Xbox,False
y65gw0pz,7kjpp4k3,2020-07-27,582.0,kjp4zn4j,True,Xbox,True
y90pr2ny,7kjpp4k3,2020-07-27,544.0,kjp4zn4j,True,Xbox,True
z0506eom,7kjpp4k3,2020-07-29,554.0,j4r2ynw8,True,Xbox,True
y4wn893m,7kjpp4k3,2020-07-30,530.0,kjp4zn4j,True,Xbox,True
m7glww5m,7kjpp4k3,2020-07-30,491.0,5j52wm6j,True,Xbox,True
y4wnqnnm,7kjpp4k3,2020-07-30,757.0,y8d6pyox,True,Xbox,False
z05086em,7kjpp4k3,2020-08-01,521.0,48gkmp2j,True,Xbox,False
zqwpo68z,7kjpp4k3,2020-08-02,15324.0,98r5nd3x,True,Xbox,False
z157d97y,7kjpp4k3,2020-08-03,720.0,y8d6pyox,True,Xbox,False
yjl73voz,7kjpp4k3,2020-08-04,1414.0,86vw71pj,True,nzelreqp,False
yokg7v5z,7kjpp4k3,2020-08-18,929.0,j4rw52l8,True,Xbox,True
m7g4ok0m,7kjpp4k3,2020-08-21,763.0,zx7621rj,True,nzelreqp,False
y651l2pz,7kjpp4k3,2020-08-23,490.0,18q6977j,True,Xbox,False
y25oj86y,7kjpp4k3,2020-08-25,510.0,kjp4zn4j,True,Xbox,True
z5jqp8em,7kjpp4k3,2020-08-25,572.0,1xyl3lvj,True,Xbox,True
y827wxwy,7kjpp4k3,2020-08-26,802.0,xko62d28,True,Xbox,True
meoqpd8z,7kjpp4k3,2020-08-27,1598.0,j4r020m8,True,Xbox,True
yd5k6wjm,7kjpp4k3,2020-08-29,1257.0,j4r020m8,True,Xbox,True
y9045pry,7kjpp4k3,2020-08-30,569.0,xy5q24w8,True,Xbox,True
zx2e8kkm,7kjpp4k3,2020-09-01,803.0,18vnpovj,True,Xbox,True
yjlnor3z,7kjpp4k3,2020-09-02,492.0,18qowewj,True,Xbox,True
ylkg27xz,7kjpp4k3,2020-09-03,479.0,x353dr7j,True,nzelreqp,False
y904gwny,7kjpp4k3,2020-09-03,520.0,48g979rx,True,Xbox,False
y6r7q6qy,7kjpp4k3,2020-09-04,918.0,j92z30n8,True,Xbox,True
zgv3grvz,7kjpp4k3,2020-09-05,502.0,98r294wx,True,nzelreqp,False
zn3w197y,7kjpp4k3,2020-09-06,477.0,0jm36qe8,True,Xbox,False
y8r3kvxm,7kjpp4k3,2020-09-08,919.0,8rpq5nwj,True,Xbox,True
y8r3w3dm,7kjpp4k3,2020-09-08,824.0,68w0m54j,True,Xbox,True
yo3ve1dy,7kjpp4k3,2020-09-09,732.0,68w0m54j,True,Xbox,True
ylv93p2m,7kjpp4k3,2020-09-11,628.0,68w0m54j,True,Xbox,True
z53o16dy,7kjpp4k3,2020-09-12,2399.0,xkok2gk8,True,Xbox,True
me6ko43z,7kjpp4k3,2020-09-13,575.0,qxkvqp2j,True,Xbox,False
ywd1qw3z,7kjpp4k3,2020-09-13,491.0,qj2z19nj,True,Xbox,True
ylv962rm,7kjpp4k3,2020-09-14,472.0,7j4drzdj,True,Xbox,True
z1o3njwm,7kjpp4k3,2020-09-15,518.0,e8ezrq68,True,Xbox,False
ywd15r2z,7kjpp4k3,2020-09-16,844.0,qjolyknj,True,Xbox,False
y2d3ox5z,7kjpp4k3,2020-09-17,567.0,j4r2ynw8,True,nzelreqp,False
z093348z,7kjpp4k3,2020-09-19,917.0,xkok2gk8,True,Xbox,True
yd035gvz,7kjpp4k3,2020-09-19,493.0,98r294wx,True,nzelreqp,False
m3gon1qz,7kjpp4k3,2020-09-20,475.0,1xy05zjr,True,Xbox,False
zgv7g8ez,7kjpp4k3,2020-09-20,543.0,qj2rklpx,True,Xbox,True
zxd4o4gy,7kjpp4k3,2020-09-20,475.0,98r294wx,True,nzelreqp,False
yo32re0y,7kjpp4k3,2020-09-20,896.0,j92z30n8,True,Xbox,True
z1o1xewm,7kjpp4k3,2020-09-21,431.93,kj92gmv8,True,Xbox,False
yj642xnz,7kjpp4k3,2020-09-21,490.0,48g979rx,True,Xbox,False
zq43dkrm,7kjpp4k3,2020-09-22,471.0,98r294wx,True,nzelreqp,False
z093xwoz,7kjpp4k3,2020-09-22,629.0,j92z30n8,True,Xbox,True
zn34x63y,7kjpp4k3,2020-09-23,469.0,98r294wx,True,nzelreqp,False
z5v0d9jm,7kjpp4k3,2020-09-23,528.0,xzld0398,True,Xbox,False
zgv7o4ez,7kjpp4k3,2020-09-24,525.0,qxkvqp2j,True,Xbox,False
me685j2z,7kjpp4k3,2020-09-25,513.0,v8lem77x,True,Xbox,False
me6xodqz,7kjpp4k3,2020-09-27,514.0,qj2rklpx,True,Xbox,True
zn3r0w9y,7kjpp4k3,2020-09-29,478.0,18q6977j,True,Xbox,False
zq4rje5m,7kjpp4k3,2020-09-30,708.0,jmo4ewn8,True,Xbox,True
yv93xdoz,7kjpp4k3,2020-10-01,590.0,j92z30n8,True,Xbox,False
z537wxdy,7kjpp4k3,2020-10-02,599.0,68w0m54j,True,Xbox,True
zxdkrx8y,7kjpp4k3,2020-10-03,510.0,jmo4ewn8,True,Xbox,True
y8r21pwm,7kjpp4k3,2020-10-05,533.0,98re9d6x,True,Xbox,False
ywd8de9z,7kjpp4k3,2020-10-05,500.0,jmo4ewn8,True,Xbox,True
y2d5dd6z,7kjpp4k3,2020-10-05,509.0,98re9d6x,True,Xbox,False
m75g8o9z,7kjpp4k3,2020-10-05,586.0,8rpdowqj,True,Xbox,True
zgvwrddz,7kjpp4k3,2020-10-06,867.0,j2y5ym68,True,Xbox,True
m75g6e4z,7kjpp4k3,2020-10-08,470.0,pj0o24rj,True,nzelreqp,False
y8r2xgdm,7kjpp4k3,2020-10-08,820.0,j2y5ym68,True,Xbox,True
ylvkxk2m,7kjpp4k3,2020-10-09,733.0,j0nzvn98,True,Xbox,True
m75gl2wz,7kjpp4k3,2020-10-10,567.0,j2y0pkl8,True,Xbox,True
yv99jvxz,7kjpp4k3,2020-10-12,688.0,8l02n628,True,Xbox,True
ywdd319z,7kjpp4k3,2020-10-14,583.0,8l02n628,True,Xbox,True
z1oon3wm,7kjpp4k3,2020-10-16,653.0,j2y5ym68,True,Xbox,True
m3ggwdgz,7kjpp4k3,2020-10-16,581.0,48gkr21j,True,Xbox,False
yv921q6z,7kjpp4k3,2020-10-16,749.0,x7qrm208,True,Xbox,True
m75ddn9z,7kjpp4k3,2020-10-16,608.0,pj0y2m3x,True,Xbox,False
zpll5jgm,7kjpp4k3,2020-10-17,564.0,j92z30n8,True,Xbox,False
yv924g6z,7kjpp4k3,2020-10-18,1020.0,j4r020m8,True,Xbox,True
zgvxxwvz,7kjpp4k3,2020-10-19,501.0,qj2rklpx,True,Xbox,True
m3gnnv6z,7kjpp4k3,2020-10-19,615.0,o86q9v5x,True,Xbox,True
y4e2xgdm,7kjpp4k3,2020-10-21,579.0,jmopyde8,True,Xbox,False
mr9719dm,7kjpp4k3,2020-10-21,542.0,jmopyde8,True,Xbox,False
yj61erdz,7kjpp4k3,2020-10-22,579.0,xz9006e8,True,Xbox,True
yd09orqz,7kjpp4k3,2020-10-23,448.44,5j52dgqj,True,Xbox,False
y4er5q2m,7kjpp4k3,2020-10-24,489.0,jmo4ewn8,True,Xbox,True
y6rd6n6y,7kjpp4k3,2020-10-25,3792.0,8dwzgymj,True,Xbox,True
ylvqog3m,7kjpp4k3,2020-10-26,632.0,j2y5ym68,True,Xbox,True
z1orpg9m,7kjpp4k3,2020-10-26,1375.0,8dwzgymj,True,Xbox,True
y919k4rm,7kjpp4k3,2020-10-27,596.0,o86q9v5x,True,Xbox,True
ywdkdn2z,7kjpp4k3,2020-10-31,629.0,zxze4qex,True,Xbox,False
z1oxg4jm,7kjpp4k3,2020-11-02,1265.0,8rpdmdgj,True,Xbox,True
zpl8o5xm,7kjpp4k3,2020-11-03,514.0,98rl4w38,True,Xbox,False
m3g7vpdz,7kjpp4k3,2020-11-03,478.0,qj2rklpx,True,Xbox,True
y8rjx81m,7kjpp4k3,2020-11-07,646.0,86vvqv0j,True,Xbox,True
y8rjxgxm,7kjpp4k3,2020-11-07,505.0,98re9d6x,True,Xbox,False
ywdjol3z,7kjpp4k3,2020-11-09,760.0,kj9qpqn8,True,Xbox,True
z1op64wm,7kjpp4k3,2020-11-14,999.0,8rpdmdgj,True,Xbox,True
mr9rnkdm,7kjpp4k3,2020-11-17,626.0,18q5r4d8,True,Xbox,False
yv90k2ez,7kjpp4k3,2020-11-19,970.0,8rpdmdgj,True,Xbox,True
ywd69x0z,7kjpp4k3,2020-11-19,639.0,86v01k5j,True,Xbox,True
mr9o848m,7kjpp4k3,2020-11-20,596.0,zxze4qex,True,Xbox,False
yd0g3owz,7kjpp4k3,2020-11-20,1631.0,8dw6949j,True,Xbox,True
y4eg1pdm,7kjpp4k3,2020-11-20,499.0,98re9d6x,True,Xbox,False
ylvl70rm,7kjpp4k3,2020-11-21,598.0,86v01k5j,True,Xbox,True
y2djenjz,7kjpp4k3,2020-11-22,458.35,qjoolrej,True,Xbox,False
mk8v0g1m,7kjpp4k3,2020-11-22,570.0,xko62d28,True,Xbox,True
m75231wz,7kjpp4k3,2020-11-22,1194.0,8dw6949j,True,Xbox,True
y91876nm,7kjpp4k3,2020-11-24,815.0,j5w9kqwj,True,Xbox,False
zgve7d0z,7kjpp4k3,2020-11-25,577.0,qjnqkkwj,True,Xbox,False
mr9lrl8m,7kjpp4k3,2020-11-26,709.0,8dw9onoj,True,Xbox,True
m3gq8nqz,7kjpp4k3,2020-11-28,591.0,jo3dw2lj,True,Xbox,True
yo3o7p1y,7kjpp4k3,2020-11-29,1697.0,8v52g92j,True,Xbox,False
mk8q8e3m,7kjpp4k3,2020-11-30,498.0,98re9d6x,True,Xbox,False
yo3o987y,7kjpp4k3,2020-11-30,511.0,zxzn5rex,True,Xbox,False
zn3eng7y,7kjpp4k3,2020-12-04,698.0,0jmd67nj,True,Xbox,False
yo30431y,7kjpp4k3,2020-12-04,2814.0,814qz3p8,True,Xbox,True
y6rvlnjy,7kjpp4k3,2020-12-05,543.0,j4r2ynw8,True,nzelreqp,False
mk77kv1y,7kjpp4k3,2020-12-05,2092.0,j0n10kw8,True,Xbox,False
y91jk9km,7kjpp4k3,2020-12-07,3386.0,xy5e11w8,True,Xbox,True
y91jdq2m,7kjpp4k3,2020-12-08,1398.0,zx7nre08,True,Xbox,False
yv9lk3ez,7kjpp4k3,2020-12-09,907.0,8dw6949j,True,Xbox,True
mr9xe44m,7kjpp4k3,2020-12-09,525.0,j4r2ynw8,True,nzelreqp,False
z09q54ez,7kjpp4k3,2020-12-10,1844.0,xy5e11w8,True,Xbox,True
yv9x0vxz,7kjpp4k3,2020-12-12,550.0,xz9006e8,True,Xbox,True
z53l5egy,7kjpp4k3,2020-12-14,900.0,8rpdmdgj,True,Xbox,True
m3gw5xqz,7kjpp4k3,2020-12-15,613.0,j5w9kqwj,True,Xbox,False
z1ov91gm,7kjpp4k3,2020-12-18,1250.0,0jm9yky8,True,Xbox,False
y91p4pem,7kjpp4k3,2020-12-19,891.0,xy5e11w8,True,Xbox,True
yv97676z,7kjpp4k3,2020-12-19,807.0,zx7nre08,True,Xbox,False
zq4pg78m,7kjpp4k3,2020-12-20,565.0,86v01k5j,True,Xbox,True
y91wovvm,7kjpp4k3,2020-12-23,513.0,y8dz54gj,True,nzelreqp,False
m3g2286z,7kjpp4k3,2020-12-27,539.0,86v01k5j,True,Xbox,True
y2do0pwz,7kjpp4k3,2020-12-27,668.0,jmpl1doj,True,Xbox,False
z092o4ez,7kjpp4k3,2020-12-29,484.0,98re9d6x,True,Xbox,False
ywd9v8nz,7kjpp4k3,2021-01-05,801.0,98rzr0gx,True,Xbox,False
zgv5l6nz,7kjpp4k3,2021-01-07,473.0,x353dr7j,True,nzelreqp,False
zn3dk89y,7kjpp4k3,2021-01-08,463.0,x353dr7j,True,nzelreqp,False
m3gelngz,7kjpp4k3,2021-01-09,526.0,8d3g60gx,True,Xbox,False
y4epo0nm,7kjpp4k3,2021-01-10,969.0,8qzz1y08,True,Xbox,True
m3n963qy,7kjpp4k3,2021-01-13,1172.0,0jm9yky8,True,Xbox,False
y429qrqm,7kjpp4k3,2021-01-13,471.0,18q6977j,True,Xbox,False
ylo375ry,7kjpp4k3,2021-01-13,702.0,8ennplo8,True,Xbox,False
y9nov4ez,7kjpp4k3,2021-01-13,658.0,98rzr0gx,True,Xbox,False
ylo3d0ny,7kjpp4k3,2021-01-14,541.0,x35wo52j,True,Xbox,False
mk7lp2xy,7kjpp4k3,2021-01-14,662.0,xk41ok7j,True,Xbox,True
me9v590z,7kjpp4k3,2021-01-15,861.0,0jm9yky8,True,Xbox,False
yj1kj5gy,7kjpp4k3,2021-01-15,524.0,xz9006e8,True,Xbox,True
y8vq9e1z,7kjpp4k3,2021-01-16,1260.0,xz704yej,True,Xbox,False
zx6vxq8z,7kjpp4k3,2021-01-18,479.0,98re9d6x,True,Xbox,False
z06ekv4z,7kjpp4k3,2021-01-18,704.0,x7qrm208,True,Xbox,True
y423263m,7kjpp4k3,2021-01-20,501.0,y0jmnzx1,True,Xbox,False
y66pd2py,7kjpp4k3,2021-01-20,750.0,zx7nre08,True,Xbox,False
y9n5ow2z,7kjpp4k3,2021-01-22,671.0,zx7nre08,True,Xbox,False
yw0k95pm,7kjpp4k3,2021-01-25,8006.0,48gn7zrj,True,Xbox,False
y42w9k2m,7kjpp4k3,2021-01-26,1177.0,xz704yej,True,Xbox,False
y8v2d5wz,7kjpp4k3,2021-01-27,593.0,8dw9onoj,True,Xbox,True
yv26568m,7kjpp4k3,2021-01-28,499.0,xz9z40r8,True,Xbox,True
me9op92z,7kjpp4k3,2021-01-28,548.0,j5w9kqwj,True,Xbox,False
zgxvwkvm,7kjpp4k3,2021-01-28,529.0,8wkzer38,True,Xbox,False
mk78863y,7kjpp4k3,2021-01-30,599.0,v8l2mk4x,True,Xbox,True
z188rp9y,7kjpp4k3,2021-02-01,557.0,xy5g6zv8,True,Xbox,True
yv22qn8m,7kjpp4k3,2021-02-02,5386.0,jmodr4o8,True,Xbox,True
zqggl28m,7kjpp4k3,2021-02-04,553.0,68w672qj,True,Xbox,False
me97dr0z,7kjpp4k3,2021-02-04,677.0,xy5g6zv8,True,Xbox,False
y42r2rdm,7kjpp4k3,2021-02-05,471.0,jmo4ewn8,True,Xbox,True
yd9rr5wz,7kjpp4k3,2021-02-06,603.0,zx7nre08,True,Xbox,False
zp31w0nm,7kjpp4k3,2021-02-06,560.0,qj25l5pj,True,Xbox,False
y2v7qkjz,7kjpp4k3,2021-02-09,2715.0,x7qynyv8,True,Xbox,True
ylor423y,7kjpp4k3,2021-02-09,831.0,xz704yej,True,Xbox,False
y427wpnm,7kjpp4k3,2021-02-09,3200.0,zxzqrw4x,True,Xbox,False
y669x3jy,7kjpp4k3,2021-02-10,500.0,7j4q7emx,True,Xbox,False
mk75o6xy,7kjpp4k3,2021-02-11,696.0,8dw6949j,True,Xbox,True
yw0jk00m,7kjpp4k3,2021-02-13,1546.0,x7qynyv8,True,Xbox,True
zp3298gm,7kjpp4k3,2021-02-13,650.0,y8d6pyox,True,Xbox,False
y66x0jqy,7kjpp4k3,2021-02-21,792.0,j96yk3wj,True,Xbox,False
ylo1nxxy,7kjpp4k3,2021-02-21,1531.0,j5wo65gj,True,Xbox,True
m78x0j9z,7kjpp4k3,2021-02-21,554.0,dx30o62x,True,Xbox,True
yj1de8gy,7kjpp4k3,2021-02-22,693.0,j96yk3wj,True,Xbox,False
yd914jjz,7kjpp4k3,2021-02-22,664.0,8e9e2o2j,True,Xbox,True
znoj06ly,7kjpp4k3,2021-02-23,579.0,8dw9onoj,True,Xbox,True
zqgeew5m,7kjpp4k3,2021-02-25,3099.0,zx7w0qr8,True,Xbox,True
me9egd2z,7kjpp4k3,2021-02-25,657.0,xz916448,True,Xbox,False
ylonwlky,7kjpp4k3,2021-02-27,599.0,zx7nre08,True,Xbox,False
mk70961y,7kjpp4k3,2021-02-27,646.0,zx7w0qr8,True,Xbox,True
z18l5d9y,7kjpp4k3,2021-02-27,712.0,jprqek58,True,Xbox,True
y2vg577z,7kjpp4k3,2021-02-27,536.0,8e9e2o2j,True,Xbox,True
y6626ppy,7kjpp4k3,2021-02-27,572.0,xz916448,True,Xbox,False
m3nqq86y,7kjpp4k3,2021-02-28,540.0,48gzok1j,True,Xbox,False
y6628opy,7kjpp4k3,2021-03-01,520.0,48gzok1j,True,Xbox,False
z06jk2oz,7kjpp4k3,2021-03-01,510.0,xz916448,True,Xbox,False
y8v678nz,7kjpp4k3,2021-03-02,665.0,j96yk3wj,True,Xbox,False
zgx8nlvm,7kjpp4k3,2021-03-02,688.0,x72e4p08,True,Xbox,True
mkgoe3xy,7kjpp4k3,2021-03-02,512.0,zxzn3w9x,True,Xbox,False
z50krr5y,7kjpp4k3,2021-03-03,675.0,98ry44qj,True,Xbox,False
z18kxnjy,7kjpp4k3,2021-03-03,674.0,jo3vlelj,True,Xbox,False
zgxl6pdm,7kjpp4k3,2021-03-08,688.0,xz704yej,True,Xbox,False
y66ve8qy,7kjpp4k3,2021-03-09,578.0,pj0y2m3x,True,Xbox,False
y42l9ldm,7kjpp4k3,2021-03-10,845.0,18v747n8,True,nzelreqp,False
mr4x974z,7kjpp4k3,2021-03-10,962.0,8l0g37v8,True,Xbox,True
z06qpqjz,7kjpp4k3,2021-03-11,598.0,1xydelyx,True,Xbox,True
y8vpgv5z,7kjpp4k3,2021-03-12,530.0,v8l2mk4x,True,Xbox,True
y42l01km,7kjpp4k3,2021-03-12,2216.0,68wmz7lx,True,Xbox,False
me9gdw0z,7kjpp4k3,2021-03-12,1135.0,68wmz7lx,True,Xbox,False
zx6xeekz,7kjpp4k3,2021-03-12,868.0,68wmz7lx,True,Xbox,False
yd9v39qz,7kjpp4k3,2021-03-12,703.0,68wmz7lx,True,Xbox,False
yj1e3l7y,7kjpp4k3,2021-03-12,644.0,68wmz7lx,True,Xbox,False
m78e199z,7kjpp4k3,2021-03-14,653.0,8d35ly5x,True,Xbox,True
y2v8ge7z,7kjpp4k3,2021-03-19,594.0,8l46gmvj,True,Xbox,False
z50w825y,7kjpp4k3,2021-03-20,1141.0,j5wo65gj,True,Xbox,False
y2vrel9z,7kjpp4k3,2021-03-23,784.0,18v747n8,True,nzelreqp,False
yo9512jy,7kjpp4k3,2021-03-24,825.0,jop15wex,True,Xbox,True
mr453e7z,7kjpp4k3,2021-03-24,561.0,5j5z376j,True,Xbox,False
yd9pvk0z,7kjpp4k3,2021-03-26,531.0,v8lgdovj,True,Xbox,True
z06415jz,7kjpp4k3,2021-03-29,1302.0,98r00pg8,True,nzelreqp,False
z064orjz,7kjpp4k3,2021-03-30,575.0,98r00pg8,True,nzelreqp,False
znolgg9y,7kjpp4k3,2021-03-31,720.0,jop15wex,True,Xbox,True
yo9g5j7y,7kjpp4k3,2021-03-31,1160.0,j510rgz8,True,Xbox,True
z1840wry,7kjpp4k3,2021-04-01,1101.0,j510rgz8,True,Xbox,True
m78k675z,7kjpp4k3,2021-04-02,548.0,j92z30n8,True,Xbox,False
y9nrl6nz,7kjpp4k3,2021-04-03,686.0,j510rgz8,True,Xbox,True
yo9wq70y,7kjpp4k3,2021-04-04,868.0,j2yzn568,True,Xbox,True
zx6eokkz,7kjpp4k3,2021-04-06,670.0,jop15wex,True,Xbox,True
m3r9r9gm,7kjpp4k3,2021-04-10,583.0,zxze4qex,True,Xbox,False
y99og9ey,7kjpp4k3,2021-04-12,570.0,zxze4qex,True,Xbox,False
zxgvxw8y,7kjpp4k3,2021-04-15,1367.0,8en6qw68,True,Xbox,False
yv1j286y,7kjpp4k3,2021-04-15,666.0,j510rgz8,True,Xbox,True
m7d94gem,7kjpp4k3,2021-04-16,494.0,xz9z40r8,True,Xbox,True
mr1q328z,7kjpp4k3,2021-04-17,594.0,j2yzn568,True,Xbox,True
yv1j378y,7kjpp4k3,2021-04-17,1125.0,8en6qw68,True,Xbox,False
m7dp145m,7kjpp4k3,2021-04-17,520.0,zxze4qex,True,Xbox,False
yv1j378y,7kjpp4k3,2021-04-17,1125.0,8en6qw68,True,Xbox,False
z0r3oeoz,7kjpp4k3,2021-04-18,471.0,v8lgdovj,True,Xbox,True
y2xqpxwm,7kjpp4k3,2021-04-19,522.0,j2y0pkl8,True,nzelreqp,False
zgg7p4jz,7kjpp4k3,2021-04-19,459.0,x353dr7j,True,nzelreqp,False
zn1rwx9m,7kjpp4k3,2021-04-21,935.0,8en6qw68,True,Xbox,False
me7xlx2y,7kjpp4k3,2021-04-24,760.0,8en6qw68,True,Xbox,False
zn1rn83m,7kjpp4k3,2021-04-25,656.0,8l0g37v8,True,Xbox,True
m7dgdqwm,7kjpp4k3,2021-04-27,579.0,j2yzn568,True,Xbox,True
zn1kp23m,7kjpp4k3,2021-04-28,468.0,qj2rklpx,True,Xbox,True
y8drjndz,7kjpp4k3,2021-05-02,710.0,j4rpdvw8,True,Xbox,True
m3k9n36y,7kjpp4k3,2021-05-03,616.0,jokolr78,True,Xbox,True
z1rolprm,7kjpp4k3,2021-05-03,592.0,8rpv21dj,True,Xbox,True
z1rol77m,7kjpp4k3,2021-05-03,535.0,jmolpwo8,True,Xbox,True
y2xv16jm,7kjpp4k3,2021-05-05,541.0,8l0g37v8,True,Xbox,True
yo7962jm,7kjpp4k3,2021-05-06,641.0,j5wo65gj,True,Xbox,False
y99n88vy,7kjpp4k3,2021-05-08,1047.0,qxkk329x,True,Xbox,False
y8dvgdwz,7kjpp4k3,2021-05-08,509.0,v8lem77x,True,Xbox,False
y99nppvy,7kjpp4k3,2021-05-09,2101.0,jp42ym4j,True,Xbox,True
y2xx3d5m,7kjpp4k3,2021-05-10,614.0,jo3o7dej,True,Xbox,True
ylqq9l2z,7kjpp4k3,2021-05-10,572.0,8rpv21dj,True,Xbox,True
z1rr1x7m,7kjpp4k3,2021-05-10,598.0,8ge9k0rj,True,Xbox,True
ywqqj49y,7kjpp4k3,2021-05-11,567.0,j0n10kw8,True,Xbox,False
y6ddq16m,7kjpp4k3,2021-05-13,502.0,8rpv21dj,True,Xbox,True
ydrrpj0z,7kjpp4k3,2021-05-13,995.0,68w01k4j,True,Xbox,True
m7d7125m,7kjpp4k3,2021-05-14,1686.0,e8e07w6j,True,nzelreqp,False
z5rdogdy,7kjpp4k3,2021-05-14,632.0,xz704yej,True,Xbox,False
yv1ordxy,7kjpp4k3,2021-05-15,568.0,8dw9onoj,True,Xbox,True
ydre0oqz,7kjpp4k3,2021-05-16,491.0,8rpv21dj,True,Xbox,True
yo76p55m,7kjpp4k3,2021-05-16,619.0,j4rpdvw8,True,Xbox,True
mkg5q75y,7kjpp4k3,2021-05-17,1341.0,jn3kg62x,True,Xbox,False
mr1n0v2z,7kjpp4k3,2021-05-18,770.0,xz7ymeej,True,Xbox,False
mr1ndr7z,7kjpp4k3,2021-05-18,599.0,j4rpdvw8,True,Xbox,True
mr1nw5dz,7kjpp4k3,2021-05-18,580.0,j4rpdvw8,True,Xbox,True
y4r7plkz,7kjpp4k3,2021-05-19,523.0,8vkqwknj,True,Xbox,True
y2x0vq6m,7kjpp4k3,2021-05-20,465.0,18q6977j,True,Xbox,False
z0rog7jz,7kjpp4k3,2021-05-23,547.0,1xy1oozx,True,Xbox,False
y8dxqrxz,7kjpp4k3,2021-05-29,504.0,1xy1oozx,True,Xbox,False
y6dxn31m,7kjpp4k3,2021-05-31,607.0,8d35ly5x,True,Xbox,True
m7dx3gwm,7kjpp4k3,2021-05-31,630.0,y8d6pyox,True,Xbox,False
zgg2gqjz,7kjpp4k3,2021-06-01,509.0,8wlk4n4j,True,Xbox,True
ydrg3jqz,7kjpp4k3,2021-06-03,620.0,86vvqv0j,True,Xbox,True
y8d0k9nz,7kjpp4k3,2021-06-05,871.0,jn3kg62x,True,Xbox,False
z1rq90wm,7kjpp4k3,2021-06-05,499.0,1xy1oozx,True,Xbox,False
ylqnx7kz,7kjpp4k3,2021-06-05,777.0,jn3kg62x,True,Xbox,False
zq1eqqrm,7kjpp4k3,2021-06-06,652.0,e8e07w6j,True,nzelreqp,False
mkgv62ly,7kjpp4k3,2021-06-07,774.0,jn3kg62x,True,Xbox,False
y4ro5lnz,7kjpp4k3,2021-06-07,482.0,1xy1oozx,True,Xbox,False
zn1v1o7m,7kjpp4k3,2021-06-08,637.0,jn3kg62x,True,Xbox,False
ywqrxp9y,7kjpp4k3,2021-06-10,526.0,8ge9k0rj,True,Xbox,True
mkgq09vy,7kjpp4k3,2021-06-15,518.0,86vm37pj,True,Xbox,False
m3r0j74m,7kjpp4k3,2021-06-17,548.0,j4rpdvw8,True,Xbox,True
y99jgvvy,7kjpp4k3,2021-06-17,1139.0,18vdp928,True,Xbox,True
mr1vw72z,7kjpp4k3,2021-06-17,955.0,18vdp928,True,Xbox,True
z1r9edwm,7kjpp4k3,2021-06-18,6141.0,y8d0pplx,True,Xbox,True
y4r6dkdz,7kjpp4k3,2021-06-18,570.0,e8e07w6j,True,nzelreqp,False
y6delnqm,7kjpp4k3,2021-06-18,902.0,18vdp928,True,Xbox,True
zn1x07vm,7kjpp4k3,2021-06-20,808.0,18vdp928,True,Xbox,True
zn1xj99m,7kjpp4k3,2021-06-20,787.0,18vdp928,True,Xbox,True
ydrl4wjz,7kjpp4k3,2021-06-21,686.0,18vdp928,True,Xbox,True
y2xwl1jm,7kjpp4k3,2021-06-22,670.0,18vdp928,True,Xbox,True
m3rwnx6m,7kjpp4k3,2021-06-24,695.0,xz7ymeej,True,Xbox,False
zxgj7nky,7kjpp4k3,2021-06-24,569.0,j5wo65gj,True,Xbox,False
me7nqg0y,7kjpp4k3,2021-06-27,598.0,8d35ly5x,True,Xbox,True
ywq2jp3y,7kjpp4k3,2021-06-27,539.0,j4rpdvw8,True,Xbox,True
yjgqxp7y,7kjpp4k3,2021-06-27,506.0,8wkzer38,True,Xbox,False
zgg655jz,7kjpp4k3,2021-06-29,806.0,jn3kg62x,True,Xbox,True
z1r6wk9m,7kjpp4k3,2021-06-29,2378.0,jn3kg62x,True,nzelreqp,False
m7dvg75m,7kjpp4k3,2021-07-01,437.23,7j40gpw8,True,Xbox,False
zn15epvm,7kjpp4k3,2021-07-02,928.0,7j4o0lm8,True,Xbox,False
yo75xq1m,7kjpp4k3,2021-07-03,481.0,xyrqdwmj,True,Xbox,True
ydro4rjz,7kjpp4k3,2021-07-04,626.0,18vdp928,True,Xbox,True
mr15542z,7kjpp4k3,2021-07-04,543.0,8d35ly5x,True,Xbox,True
y4r0pj3z,7kjpp4k3,2021-07-05,515.0,8d35ly5x,True,Xbox,True
mkgx493y,7kjpp4k3,2021-07-05,485.0,98rl4w38,True,Xbox,False
z0r2er8z,7kjpp4k3,2021-07-05,433.83,7j40gpw8,True,Xbox,False
z1r05ojm,7kjpp4k3,2021-07-05,601.0,18vdp928,True,Xbox,True
y8d4pvdz,7kjpp4k3,2021-07-05,584.0,xz704yej,True,Xbox,False
zn167kvm,7kjpp4k3,2021-07-06,574.0,18vdp928,True,Xbox,True
yo78lj0m,7kjpp4k3,2021-07-07,430.43,7j40gpw8,True,Xbox,False
m7dj254m,7kjpp4k3,2021-07-07,520.0,pj0eny48,True,Xbox,True
ydrpoxqz,7kjpp4k3,2021-07-08,504.0,zxzzzrxq,True,Xbox,False
y4rvd02z,7kjpp4k3,2021-07-09,1040.0,xy5nqpy8,True,Xbox,False
ywqolkpy,7kjpp4k3,2021-07-09,646.0,xy5nqpy8,True,Xbox,False
m7djr49m,7kjpp4k3,2021-07-09,559.0,xy5nqpy8,True,Xbox,False
m7d492em,7kjpp4k3,2021-07-09,502.0,zxzzzrxq,True,Xbox,False
ylqw42nz,7kjpp4k3,2021-07-10,550.0,1xyd46wx,True,Xbox,False
y8d422wz,7kjpp4k3,2021-07-10,656.0,xz7ymeej,True,Xbox,False
mr1p444z,7kjpp4k3,2021-07-10,522.0,1xyd46wx,True,Xbox,False
m7d4775m,7kjpp4k3,2021-07-11,473.0,zxzzzrxq,True,Xbox,False
yv1krn4y,7kjpp4k3,2021-07-11,569.0,jo3o7dej,True,Xbox,True
mkgnoqly,7kjpp4k3,2021-07-12,476.0,qxkm6mj0,True,Xbox,False
zn1nj2lm,7kjpp4k3,2021-07-16,1257.0,xzllze98,True,Xbox,True
y2xooojm,7kjpp4k3,2021-07-18,539.0,7j43q6w8,True,Xbox,False
zq1xq58m,7kjpp4k3,2021-07-22,527.0,j4rpdvw8,True,Xbox,True
z5r9n25y,7kjpp4k3,2021-07-23,925.0,xko6o278,True,Xbox,True
z1xdorrm,7kjpp4k3,2021-07-25,592.0,qj2l0wpx,True,Xbox,True
y279dn9z,7kjpp4k3,2021-07-25,666.0,xko6o278,True,Xbox,True
yo6vr10y,7kjpp4k3,2021-07-25,618.0,jn3kg62x,True,Xbox,False
ylr94vky,7kjpp4k3,2021-07-28,574.0,jn3kg62x,True,Xbox,False
yj54217m,7kjpp4k3,2021-07-28,662.0,8wkoy4q8,True,Xbox,False
zp8q1vxy,7kjpp4k3,2021-07-29,1112.0,jnzp034j,True,Xbox,True
z07ell8y,7kjpp4k3,2021-07-30,752.0,jnzp034j,True,Xbox,True
zp8qxlxy,7kjpp4k3,2021-07-31,768.0,18vdp928,True,Xbox,False
yo62j55y,7kjpp4k3,2021-08-03,652.0,xz7ymeej,True,Xbox,False
y4737qny,7kjpp4k3,2021-08-04,550.0,jp4q645j,True,Xbox,False
m77prv5m,7kjpp4k3,2021-08-08,527.0,qj2l0wpx,True,Xbox,True
zp843nny,7kjpp4k3,2021-08-08,457.46,qj2rklpx,True,Xbox,False
y271xo7z,7kjpp4k3,2021-08-09,755.0,18v747n8,True,nzelreqp,False
mk52kp1m,7kjpp4k3,2021-08-09,507.0,qjor2nj6,True,nzelreqp,False
y471jjky,7kjpp4k3,2021-08-11,525.0,j4rpdvw8,True,Xbox,True
me4o4vqy,7kjpp4k3,2021-08-14,471.0,98re9d6x,True,Xbox,False
y47wxony,7kjpp4k3,2021-08-14,803.0,8r7wykdj,True,Xbox,False
y695g60y,7kjpp4k3,2021-08-15,550.0,jn3kg62x,True,Xbox,False
zp8rkpry,7kjpp4k3,2021-08-15,567.0,jo3w720j,True,Xbox,True
me4o5r9y,7kjpp4k3,2021-08-16,659.0,8r7wykdj,True,Xbox,False
ywkd179y,7kjpp4k3,2021-08-17,625.0,8r7wykdj,True,Xbox,False
zqv4wq1m,7kjpp4k3,2021-08-17,611.0,xz7ymeej,True,Xbox,False
y69r5e0y,7kjpp4k3,2021-08-17,903.0,8vo6q72x,True,Xbox,True
z079758y,7kjpp4k3,2021-08-18,1218.0,x3qql97j,True,Xbox,False
zxodl7qz,7kjpp4k3,2021-08-18,754.0,8vo6q72x,True,Xbox,True
zp8l2nny,7kjpp4k3,2021-08-19,554.0,86vvqv0j,True,Xbox,True
y27dk97z,7kjpp4k3,2021-08-19,638.0,j266wp6x,True,Xbox,False
yvo2l1xz,7kjpp4k3,2021-08-24,556.0,18vdp928,True,Xbox,True
zn0olr7y,7kjpp4k3,2021-08-26,701.0,zxz5kg0x,True,Xbox,True
me49q0qy,7kjpp4k3,2021-08-26,672.0,18v747n8,True,nzelreqp,False
zxogodqz,7kjpp4k3,2021-08-28,622.0,j5vvg3z8,True,Xbox,True
yj5g70gm,7kjpp4k3,2021-08-30,472.0,xyrqdwmj,True,Xbox,True
ywkk1lpy,7kjpp4k3,2021-09-01,986.0,j0v1lp9x,True,Xbox,True
zxooxpez,7kjpp4k3,2021-09-03,556.0,jn36ppqx,True,Xbox,False
ywkj4j3y,7kjpp4k3,2021-09-04,5536.0,8rprrndj,True,Xbox,False
zqv0rd1m,7kjpp4k3,2021-09-05,456.0,qj2rklpx,True,Xbox,False
zqv0w65m,7kjpp4k3,2021-09-05,599.0,18q1910x,True,nzelreqp,False
y69n6dpy,7kjpp4k3,2021-09-05,587.0,8ennplo8,True,Xbox,False
m77w7o9m,7kjpp4k3,2021-09-05,513.0,86vm37pj,True,Xbox,False
zn0p8k7y,7kjpp4k3,2021-09-05,456.15,1xypyovx,True,Xbox,False
z1x2rwrm,7kjpp4k3,2021-09-06,505.0,8d35ly5x,True,Xbox,True
y8ejxe5y,7kjpp4k3,2021-09-06,989.0,x3qql97j,True,Xbox,False
m376l3wz,7kjpp4k3,2021-09-06,3503.0,pj02dl98,True,Xbox,False
z5dvg3dm,7kjpp4k3,2021-09-06,4257.0,qj2z577j,True,Xbox,False
zxolxkgz,7kjpp4k3,2021-09-08,634.0,8r7zwndj,True,Xbox,True
m77wl85m,7kjpp4k3,2021-09-08,499.0,8ge9k0rj,True,Xbox,False
y93lgv2y,7kjpp4k3,2021-09-08,613.0,xko6o278,True,Xbox,False
y4784e2y,7kjpp4k3,2021-09-09,577.0,8wl5ko4j,True,Xbox,False
zxol16kz,7kjpp4k3,2021-09-09,486.0,8ge9k0rj,True,Xbox,False
zp89qpny,7kjpp4k3,2021-09-10,594.0,8dw231lj,True,Xbox,False
zp89rjry,7kjpp4k3,2021-09-11,540.0,zxzqlnrx,True,Xbox,True
yo6p06jy,7kjpp4k3,2021-09-12,566.0,18q1910x,True,nzelreqp,False
zn0pg7ly,7kjpp4k3,2021-09-13,1035.0,jn3kg62x,True,nzelreqp,False
mk5kn53m,7kjpp4k3,2021-09-13,15600.0,8lpkvkrj,True,Xbox,False
y690w16y,7kjpp4k3,2021-09-14,2984.0,xyrwkqwj,True,Xbox,False
y93xoevy,7kjpp4k3,2021-09-15,813.0,xyrwkqwj,True,Xbox,False
y69xpgjy,7kjpp4k3,2021-09-15,454.03,18v62qyx,True,Xbox,False
zgrq2lem,7kjpp4k3,2021-09-18,622.0,8vo6q72x,True,Xbox,True
me41wkqy,7kjpp4k3,2021-09-18,484.0,jp47de4j,True,Xbox,False
zxo8jq5z,7kjpp4k3,2021-09-19,501.0,8d35ly5x,True,Xbox,True
ylr12o2y,7kjpp4k3,2021-09-19,966.0,8r2571qx,True,Xbox,False
yo6d1ljy,7kjpp4k3,2021-09-20,467.0,0jm36qe8,True,Xbox,False
yo6lv35y,7kjpp4k3,2021-09-20,629.0,8r2571qx,True,Xbox,False
mk5v44xm,7kjpp4k3,2021-09-20,615.0,8vo6q72x,True,Xbox,True
ywkvkw2y,7kjpp4k3,2021-09-22,601.0,8r7wykdj,True,Xbox,False
z1xqpx9m,7kjpp4k3,2021-09-23,539.0,jp4q645j,True,Xbox,False
z07nl0oy,7kjpp4k3,2021-09-23,585.0,8r7wykdj,True,Xbox,False
zgr2j30m,7kjpp4k3,2021-09-24,587.0,8vo6q72x,True,Xbox,True
yvq2vv4m,7kjpp4k3,2021-09-25,539.0,8rprrndj,True,Xbox,False
z5dp5nnm,7kjpp4k3,2021-09-26,494.0,pj0eny48,True,Xbox,True
m770q40m,7kjpp4k3,2021-09-26,517.0,8qzwgr78,True,Xbox,False
zqvjvvrm,7kjpp4k3,2021-09-27,543.0,j5wo65gj,True,Xbox,False
m7706w4m,7kjpp4k3,2021-09-28,903.0,xz99dz48,True,Xbox,False
m37qlgwz,7kjpp4k3,2021-09-28,577.0,8vo6q72x,True,Xbox,True
z5dppg5m,7kjpp4k3,2021-09-29,491.0,18qowewj,True,Xbox,True
yvopljez,7kjpp4k3,2021-09-29,629.0,zxz5kg0x,True,Xbox,True
y8e6lqxy,7kjpp4k3,2021-09-30,507.0,8qzwgr78,True,Xbox,False
m37qeogz,7kjpp4k3,2021-10-02,655.0,j5vgmmg8,True,Xbox,True
y69ql3py,7kjpp4k3,2021-10-02,619.0,qxknn77x,True,Xbox,False
me40xx0y,7kjpp4k3,2021-10-02,1695.0,qj2z577j,True,Xbox,False
y93k1oky,7kjpp4k3,2021-10-03,466.0,98re9d6x,True,Xbox,False
yde2r1xm,7kjpp4k3,2021-10-03,633.0,xyrwkqwj,True,Xbox,False
zqvd189m,7kjpp4k3,2021-10-03,709.0,qj2z577j,True,Xbox,False
zqvdd38m,7kjpp4k3,2021-10-04,586.0,j5vgmmg8,True,Xbox,True
z07xk74y,7kjpp4k3,2021-10-06,464.0,98re9d6x,True,Xbox,False
yj5w0jom,7kjpp4k3,2021-10-06,513.0,pj0mn69x,True,Xbox,False
ywkg4k2y,7kjpp4k3,2021-10-08,472.0,18q652oj,True,Xbox,False
ydel9gqm,7kjpp4k3,2021-10-08,463.0,98re9d6x,True,Xbox,False
yj5ox97m,7kjpp4k3,2021-10-10,824.0,8e6g097j,True,Xbox,True
me4w0pqy,7kjpp4k3,2021-10-11,806.0,x7qpmo68,True,Xbox,True
y8ewwqny,7kjpp4k3,2021-10-11,459.96,jn32931x,True,Xbox,False
y6914o6y,7kjpp4k3,2021-10-13,535.0,xk41ok7j,True,Xbox,False
z07qoqjy,7kjpp4k3,2021-10-16,813.0,8vo90m5x,True,Xbox,False
zn0xq88y,7kjpp4k3,2021-10-16,2555.0,jo3kk4lj,True,nzelreqp,False
mk51do3m,7kjpp4k3,2021-10-16,1403.0,8q3g5goj,True,Xbox,False
zqvq80xm,7kjpp4k3,2021-10-17,579.0,8q3g5goj,True,Xbox,False
y93ddkey,7kjpp4k3,2021-10-17,571.0,8vo6q72x,True,Xbox,True
ydel460m,7kjpp4k3,2021-10-17,505.0,8wlk4n4j,True,Xbox,True
y69e1rqy,7kjpp4k3,2021-10-19,1097.0,814714p8,True,Xbox,True
z5dg97dm,7kjpp4k3,2021-10-19,587.0,j2yr37n8,True,Xbox,True
zp8x72ry,7kjpp4k3,2021-10-19,594.0,jo3kk4lj,True,nzelreqp,False
y93p28ny,7kjpp4k3,2021-10-20,1512.0,jnzn214j,True,Xbox,True
y8eogody,7kjpp4k3,2021-10-24,471.0,jp47de4j,True,Xbox,False
mk5ox93m,7kjpp4k3,2021-10-24,523.0,j2yr37n8,True,Xbox,True
mk5ox93m,7kjpp4k3,2021-10-24,523.0,j2yr37n8,True,Xbox,True
z1x68lrm,7kjpp4k3,2021-10-27,453.19,48g979rx,True,Xbox,False
zp8o1wny,7kjpp4k3,2021-10-27,506.0,xy5nqpy8,True,Xbox,False
y8eg621y,7kjpp4k3,2021-10-29,495.0,qjn6yzwx,True,nzelreqp,False
z5d9xlgm,7kjpp4k3,2021-10-29,536.0,8grge67x,True,Xbox,False
m37v2gwz,7kjpp4k3,2021-10-30,485.0,zxzn3w9x,True,Xbox,False
z070k0oy,7kjpp4k3,2021-10-30,540.0,8vo6q72x,True,Xbox,True
zn0gl6vy,7kjpp4k3,2021-10-31,468.0,xyrqdwmj,True,Xbox,True
m372dn6z,7kjpp4k3,2021-11-01,487.0,86vm37pj,True,Xbox,False
z07k639y,7kjpp4k3,2021-11-02,466.0,jmolpwo8,True,Xbox,True
z07krwey,7kjpp4k3,2021-11-02,485.0,j2y0pkl8,True,nzelreqp,False
zp85pdvy,7kjpp4k3,2021-11-04,571.0,xyrwkqwj,True,Xbox,False
ywk5g63y,7kjpp4k3,2021-11-04,476.0,e8evzg7x,True,Xbox,False
y6981j6y,7kjpp4k3,2021-11-06,522.0,8vo6q72x,True,Xbox,True
y27o1j6z,7kjpp4k3,2021-11-06,579.0,863719q8,True,Xbox,True
m3781n6z,7kjpp4k3,2021-11-07,450.4,qj2rklpx,True,Xbox,False
y93g02ry,7kjpp4k3,2021-11-07,483.0,8ge9k0rj,True,Xbox,False
zgr1rxjm,7kjpp4k3,2021-11-07,759.0,v8lv6q7j,True,Xbox,False
ydep010m,7kjpp4k3,2021-11-08,1440.0,j2wgy7pj,True,Xbox,True
z1x09lwm,7kjpp4k3,2021-11-10,912.0,j2wgy7pj,True,Xbox,True
me171k2y,7kjpp4k3,2021-11-10,532.0,zxz63me8,True,nzelreqp,False
zp8vxpvy,7kjpp4k3,2021-11-11,444.0,x353dr7j,True,nzelreqp,False
mk5xx51m,7kjpp4k3,2021-11-11,592.0,x7qqopy8,True,Xbox,True
yo6gjv5y,7kjpp4k3,2021-11-13,987.0,816go13x,True,Xbox,True
z07477jy,7kjpp4k3,2021-11-14,535.0,xyrwkqwj,True,Xbox,False
m7747v0m,7kjpp4k3,2021-11-14,618.0,86n94m0x,True,Xbox,True
y474qoqy,7kjpp4k3,2021-11-14,661.0,7j4o0lm8,True,Xbox,False
y474n5ny,7kjpp4k3,2021-11-15,546.0,98rky4qx,True,SNES,False
zqvox69m,7kjpp4k3,2021-11-17,745.0,816go13x,True,Xbox,True
m37p1lwz,7kjpp4k3,2021-11-18,475.0,zxzn3w9x,True,Xbox,False
zxo1lgkz,7kjpp4k3,2021-11-20,520.0,v816eo5x,True,Xbox,False
ylr8nn2y,7kjpp4k3,2021-11-21,511.0,8vkn1mnj,True,Xbox,False
m37ppoqz,7kjpp4k3,2021-11-23,472.0,8rpv21dj,True,Xbox,True
y9343oey,7kjpp4k3,2021-11-25,606.0,816go13x,True,Xbox,True
zp878gry,7kjpp4k3,2021-11-26,568.0,j5vgmmg8,True,Xbox,True
m77rjg0m,7kjpp4k3,2021-11-27,468.0,zxzk1q9x,True,Xbox,False
ydek43wm,7kjpp4k3,2021-11-28,648.0,18vdp928,True,Xbox,False
mk5jw9vm,7kjpp4k3,2021-11-28,624.0,18vdp928,True,Xbox,False
mk5jwgxm,7kjpp4k3,2021-11-28,533.0,j5vgmmg8,True,Xbox,True
zn0dlj7y,7kjpp4k3,2021-11-28,545.0,18vdp928,True,Xbox,False
ywjeer3z,7kjpp4k3,2021-11-29,472.0,18qowewj,True,Xbox,True
y8j39rnz,7kjpp4k3,2021-11-29,525.0,j5wo65gj,True,Xbox,False
zxl9k28z,7kjpp4k3,2021-11-29,503.0,8qzwgr78,True,Xbox,False
ydwq5lvm,7kjpp4k3,2021-11-30,450.85,kjprmwk8,True,Xbox,False
z5v5q6dm,7kjpp4k3,2021-12-01,723.0,8g5egl1j,True,Xbox,True
y8j30p5z,7kjpp4k3,2021-12-02,655.0,8en6qw68,True,Xbox,False
zgd3oqjz,7kjpp4k3,2021-12-02,475.0,8ge9k0rj,True,Xbox,False
y209oe5m,7kjpp4k3,2021-12-05,502.0,v816eo5x,True,Xbox,False
mkelj1lm,7kjpp4k3,2021-12-05,531.0,xyrwkqwj,True,Xbox,False
zp2q66ry,7kjpp4k3,2021-12-06,442.14,kjprmwk8,True,Xbox,False
m7w9nnwz,7kjpp4k3,2021-12-06,439.3,kjprmwk8,True,Xbox,False
z0oeov9z,7kjpp4k3,2021-12-07,712.0,xkmkdwkj,True,Xbox,True
mr6qvv7m,7kjpp4k3,2021-12-07,436.03,kjprmwk8,True,Xbox,False
z5vo88em,7kjpp4k3,2021-12-07,435.43,kjprmwk8,True,Xbox,False
z123gpjy,7kjpp4k3,2021-12-08,427.32,7j40gpw8,True,Xbox,False
y485xxkm,7kjpp4k3,2021-12-08,452.45,j2ylqn68,True,Xbox,False
zp2q6pny,7kjpp4k3,2021-12-09,445.33,qj2rklpx,True,Xbox,False
mejkg0qy,7kjpp4k3,2021-12-09,670.0,x7qo2368,True,Xbox,False
yvqgn2om,7kjpp4k3,2021-12-09,524.0,98rp933j,True,Xbox,False
zn78599m,7kjpp4k3,2021-12-09,565.0,86n94m0x,True,Xbox,True
yjxkq27z,7kjpp4k3,2021-12-10,956.0,jo35yn7j,True,nzelreqp,False
zxlv5qgz,7kjpp4k3,2021-12-10,511.0,x3m75r68,True,Xbox,False
zgdn9l0z,7kjpp4k3,2021-12-10,888.0,kjp7ww4j,True,Xbox,False
zgdn5qez,7kjpp4k3,2021-12-10,492.0,x3m75r68,True,Xbox,False
mejkq02y,7kjpp4k3,2021-12-10,558.0,pj02dl98,True,Xbox,False
mr684r2m,7kjpp4k3,2021-12-10,428.96,kjprmwk8,True,Xbox,False
y8jq715z,7kjpp4k3,2021-12-11,529.0,x7qqopy8,True,Xbox,True
z0o3w4jz,7kjpp4k3,2021-12-11,459.0,xyrqdwmj,True,Xbox,True
z5v173em,7kjpp4k3,2021-12-11,513.0,j4r5lm58,True,Xbox,False
yle40qkz,7kjpp4k3,2021-12-11,502.0,8v5253yj,True,Xbox,True
ydw33pxm,7kjpp4k3,2021-12-12,538.0,8g5egl1j,True,Xbox,True
y6npr5jz,7kjpp4k3,2021-12-12,464.0,8ge9k0rj,True,Xbox,False
mke98evm,7kjpp4k3,2021-12-12,515.0,j5vgmmg8,True,Xbox,True
mke9gjlm,7kjpp4k3,2021-12-13,716.0,8g5y1krj,True,Xbox,True
zxl47rez,7kjpp4k3,2021-12-13,521.0,98rp933j,True,Xbox,False
z5v1p8em,7kjpp4k3,2021-12-14,512.0,8l02n628,True,Xbox,True
zgd7l7ez,7kjpp4k3,2021-12-14,515.0,kjp9nvk8,True,Xbox,False
yvqjn3om,7kjpp4k3,2021-12-15,451.98,0jm36qe8,True,Xbox,False
mke9oelm,7kjpp4k3,2021-12-15,818.0,jmpl3pzj,True,nzelreqp,False
z5v1l9gm,7kjpp4k3,2021-12-15,523.0,18q1910x,True,Xbox,False
zgd76pjz,7kjpp4k3,2021-12-15,475.0,jmo4ewn8,True,Xbox,False
yle0173z,7kjpp4k3,2021-12-15,631.0,j42ynvmx,True,Xbox,True
y8j9nq1z,7kjpp4k3,2021-12-16,502.0,98rp933j,True,Xbox,False
z12jorgy,7kjpp4k3,2021-12-18,573.0,8en6qw68,True,Xbox,False
ydw6rljm,7kjpp4k3,2021-12-19,1034.0,jmo35k48,True,Xbox,False
z5v7e6nm,7kjpp4k3,2021-12-20,705.0,kjpe160x,True,Xbox,True
y6nlv56z,7kjpp4k3,2021-12-20,569.0,8g5y1krj,True,Xbox,True
ylekgj2z,7kjpp4k3,2021-12-20,1073.0,x7mky96x,True,Xbox,True
mke2xklm,7kjpp4k3,2021-12-21,596.0,8r7zwndj,True,Xbox,True
zn7rnk3m,7kjpp4k3,2021-12-21,505.0,8gee7n7j,True,Xbox,False
zp2l118y,7kjpp4k3,2021-12-27,479.0,98rl4w38,True,Xbox,False
z5v3rpnm,7kjpp4k3,2021-12-28,926.0,8e6g537j,True,Xbox,True
mke85nlm,7kjpp4k3,2021-12-28,538.0,jo35yn7j,True,nzelreqp,False
yor3p80y,7kjpp4k3,2021-12-29,519.0,j4rpdvw8,True,Xbox,True
zxld378z,7kjpp4k3,2021-12-29,905.0,8e6g537j,True,Xbox,True
mke800vm,7kjpp4k3,2021-12-29,595.0,xko649m8,True,Xbox,True
y8jrkg1z,7kjpp4k3,2021-12-30,512.0,8r7wykdj,True,Xbox,False
y20dwv7m,7kjpp4k3,2021-12-30,514.0,j4rpdvw8,True,Xbox,True
m7w5e94z,7kjpp4k3,2021-12-30,858.0,8e6g537j,True,Xbox,True
y9l1eqvy,7kjpp4k3,2021-12-31,631.0,8e6g537j,True,Xbox,True
y20v2pwm,7kjpp4k3,2022-01-03,609.0,8e6g537j,True,Xbox,True
zgdxo3ez,7kjpp4k3,2022-01-03,579.0,8r7412qj,True,Xbox,True
z128wkjy,7kjpp4k3,2022-01-05,502.0,j5vgmmg8,True,Xbox,True
yvq19wem,7kjpp4k3,2022-01-06,791.0,qjnvmww8,True,Xbox,True
zp21988y,7kjpp4k3,2022-01-06,460.0,98re9d6x,True,Xbox,False
yjxgq8nz,7kjpp4k3,2022-01-08,523.0,zx7qpq68,True,Xbox,False
zq0j6v1y,7kjpp4k3,2022-01-08,577.0,86nz1n0x,True,Xbox,True
zq0v948y,7kjpp4k3,2022-01-10,458.23,98re9d6x,True,Xbox,False
zxlow2gz,7kjpp4k3,2022-01-12,470.0,98rl4w38,True,Xbox,False
z0o7dp8z,7kjpp4k3,2022-01-12,467.0,pj0o24rj,True,nzelreqp,False
y8jeln5z,7kjpp4k3,2022-01-13,542.0,8v5e5ynj,True,Xbox,True
yjx5027z,7kjpp4k3,2022-01-14,860.0,jn9y174x,True,Xbox,True
y488162m,7kjpp4k3,2022-01-14,460.0,8wlk4n4j,True,Xbox,True
y200ke6m,7kjpp4k3,2022-01-16,769.0,8vkrryvj,True,Xbox,True
zgdp04dz,7kjpp4k3,2022-01-20,1102.0,816n2elx,True,Xbox,True
y8j80ndz,7kjpp4k3,2022-01-21,523.0,xyrwkqwj,True,Xbox,False
z5vxvwjm,7kjpp4k3,2022-01-22,599.0,zxz5kg0x,True,Xbox,True
yjxdj3dz,7kjpp4k3,2022-01-23,598.0,8e6g537j,True,Xbox,True
z12gdljy,7kjpp4k3,2022-01-23,603.0,y8d6pyox,True,Xbox,False
m7wxgvwz,7kjpp4k3,2022-01-24,474.0,j5vgmmg8,True,Xbox,True
zgdqdkvz,7kjpp4k3,2022-01-24,457.82,8wkzer38,True,Xbox,False
mkedk8vm,7kjpp4k3,2022-01-24,467.0,jmo4ewn8,True,Xbox,False
y9lx642y,7kjpp4k3,2022-01-24,451.68,18q652oj,True,Xbox,False
ydw1nxxm,7kjpp4k3,2022-01-26,569.0,8r7zwndj,True,Xbox,True
y8jxg65z,7kjpp4k3,2022-01-26,707.0,qjn1ozw8,True,Xbox,False
y8jxg7dz,7kjpp4k3,2022-01-26,1087.0,816n2elx,True,Xbox,True
y20e469m,7kjpp4k3,2022-01-26,657.0,jn9y174x,True,Xbox,True
yod82k5m,7kjpp4k3,2022-01-26,465.0,zx7dz1vx,True,Xbox,True
z12q17ry,7kjpp4k3,2022-01-27,538.0,j51g9oz8,True,Xbox,False
zp2w17ry,7kjpp4k3,2022-02-02,514.0,xyrwkqwj,True,Xbox,False
m7w0ngwz,7kjpp4k3,2022-02-04,534.0,qjomp63x,True,Xbox,False
ywjnk00z,7kjpp4k3,2022-02-07,536.0,x7m9r50x,True,Xbox,True
z12k677y,7kjpp4k3,2022-02-10,1035.0,v81100p8,True,Xbox,True
y9lkegey,7kjpp4k3,2022-02-10,485.0,jnz2ykqj,True,Xbox,True
zq0d5e5y,7kjpp4k3,2022-02-10,529.0,zx7lwr6j,True,Xbox,False
y9lkg9ny,7kjpp4k3,2022-02-10,567.0,8r7412qj,True,Xbox,True
zn7ell7m,7kjpp4k3,2022-02-11,811.0,816n2elx,True,Xbox,True
z0oxv1oz,7kjpp4k3,2022-02-11,513.0,zx7lwr6j,True,Xbox,False
mkepllxm,7kjpp4k3,2022-02-11,566.0,816go13x,True,Xbox,True
yjxod43z,7kjpp4k3,2022-02-13,559.0,8vo90m5x,True,Xbox,True
mkepwoxm,7kjpp4k3,2022-02-15,519.0,8vo90m5x,True,Xbox,True
m7wnk6wz,7kjpp4k3,2022-02-16,579.0,jn9y174x,True,Xbox,True
zgdl4njz,7kjpp4k3,2022-02-16,567.0,xkmnnmmj,True,Xbox,True
yvqlwrem,7kjpp4k3,2022-02-16,675.0,8en063p8,True,Xbox,True
y8jp28wz,7kjpp4k3,2022-02-18,527.0,xkmnnmmj,True,Xbox,True
ywjxj80z,7kjpp4k3,2022-02-19,518.0,xkmnnmmj,True,Xbox,True
z5vgkrnm,7kjpp4k3,2022-02-20,490.0,xkm3lk7j,True,Xbox,True
ylexx43z,7kjpp4k3,2022-02-20,732.0,jprkgm28,True,Xbox,False
z5vg67dm,7kjpp4k3,2022-02-20,509.0,xkmnnmmj,True,Xbox,True
ywjw1j9z,7kjpp4k3,2022-02-21,520.0,j51g9oz8,True,Xbox,False
zgdjwwjz,7kjpp4k3,2022-02-21,501.0,8g5egl1j,True,Xbox,True
mkeoq9vm,7kjpp4k3,2022-02-24,539.0,863719q8,True,Xbox,True
z0o80xez,7kjpp4k3,2022-02-25,463.0,zxzn3w9x,True,Xbox,False
y8jog61z,7kjpp4k3,2022-02-26,505.0,xkmnnmmj,True,Xbox,True
zgdj01ez,7kjpp4k3,2022-02-26,499.0,xkmnnmmj,True,Xbox,True
mkew7v3m,7kjpp4k3,2022-02-28,495.0,xkmnnmmj,True,Xbox,True
y48n2gqm,7kjpp4k3,2022-02-28,490.0,xkmnnmmj,True,Xbox,True
yor5nn5y,7kjpp4k3,2022-03-01,599.0,8en063p8,True,Xbox,True
zxl0q7ez,7kjpp4k3,2022-03-03,487.0,xkmnnmmj,True,Xbox,True
mej2d68y,7kjpp4k3,2022-03-04,487.0,xkmnnmmj,True,Xbox,True
mr6dwdgm,7kjpp4k3,2022-03-04,465.0,xkmnnmmj,True,Xbox,True
z5vw99jm,7kjpp4k3,2022-03-04,764.0,j4232gmx,True,Xbox,False
zn75wwvm,7kjpp4k3,2022-03-04,667.0,j4232gmx,True,Xbox,False
m7wv1p9z,7kjpp4k3,2022-03-04,601.0,j4232gmx,True,Xbox,False
mr65j88m,7kjpp4k3,2022-03-04,570.0,xyrwkqwj,True,Xbox,False
z0okw3jz,7kjpp4k3,2022-03-04,527.0,kj90merj,True,Xbox,False
z0okw68z,7kjpp4k3,2022-03-04,531.0,j4232gmx,True,Xbox,False
yle53lkz,7kjpp4k3,2022-03-04,582.0,zx7gkrx7,True,Xbox,False
ywj5173z,7kjpp4k3,2022-03-04,545.0,jn3kg62x,True,Xbox,False
y20r5q7m,7kjpp4k3,2022-03-04,535.0,8rprrndj,True,Xbox,False
y480ww2m,7kjpp4k3,2022-03-04,531.0,8qz5qoq8,True,Xbox,False
zxl0erez,7kjpp4k3,2022-03-05,579.0,j4rpn7d8,True,Xbox,False
y6n8330z,7kjpp4k3,2022-03-05,558.0,j4rpn7d8,True,Xbox,False
zp25nqvy,7kjpp4k3,2022-03-05,529.0,j4rpn7d8,True,Xbox,False
z127djjy,7kjpp4k3,2022-03-05,483.0,j4rpn7d8,True,Xbox,False
mr65q3gm,7kjpp4k3,2022-03-05,497.0,kj90merj,True,Xbox,False
yor5jx7y,7kjpp4k3,2022-03-05,497.0,xz916448,True,Xbox,False
m3621jwm,7kjpp4k3,2022-03-05,888.0,j92zg478,True,Xbox,False
zgd9k4ez,7kjpp4k3,2022-03-05,527.0,1xyky4n8,True,Xbox,False
mr65ke8m,7kjpp4k3,2022-03-05,603.0,j92zg478,True,Xbox,False
zp25rvgy,7kjpp4k3,2022-03-05,535.0,0jmw6wex,True,Xbox,False
y20rv95m,7kjpp4k3,2022-03-05,515.0,j4232gmx,True,Xbox,False
ydwo96vm,7kjpp4k3,2022-03-05,528.0,zx7gkrx7,True,Xbox,False
zp252gny,7kjpp4k3,2022-03-05,530.0,8qrldp7j,True,Xbox,False
z5v600jm,7kjpp4k3,2022-03-06,721.0,j0vkm73x,True,Xbox,True
z0ok6pjz,7kjpp4k3,2022-03-06,533.0,86vvqv0j,True,Xbox,True
zq05g25y,7kjpp4k3,2022-03-06,517.0,zx7gkrx7,True,Xbox,False
yle5qx3z,7kjpp4k3,2022-03-06,509.0,1xyky4n8,True,Xbox,False
ydwoe3vm,7kjpp4k3,2022-03-06,953.0,j26ke4nx,True,Xbox,True
ydwoe0vm,7kjpp4k3,2022-03-06,500.0,8gee7n7j,True,Xbox,False
yjx75d7z,7kjpp4k3,2022-03-06,530.0,68w672qj,True,Xbox,False
z127239y,7kjpp4k3,2022-03-06,503.0,j4232gmx,True,Xbox,False
yor5r65y,7kjpp4k3,2022-03-06,534.0,x7m9r50x,True,Xbox,True
z1272kjy,7kjpp4k3,2022-03-06,518.0,0jmw6wex,True,Xbox,False
z5v62d5m,7kjpp4k3,2022-03-06,582.0,jml4k3o8,True,Xbox,True
mejp3p8y,7kjpp4k3,2022-03-06,650.0,j03z503j,True,Xbox,False
y6n80wjz,7kjpp4k3,2022-03-06,560.0,j03z503j,True,Xbox,False
zn75qw8m,7kjpp4k3,2022-03-06,472.0,zxzzzrxq,True,Xbox,False
zp25dn8y,7kjpp4k3,2022-03-06,567.0,j0vkm73x,True,Xbox,True
ydwo18wm,7kjpp4k3,2022-03-06,561.0,j0vkm73x,True,Xbox,True
